id,name,birth_year,employment_start
3a6afb08-898e-41cd-b98b-b87967fd58f8,Mieszko Kazubek,1984-01-04 00:00:00,2002-12-18 00:00:00
feede98c-5177-428a-85a8-36da0a43c887,Paweł Małas,1983-05-01 00:00:00,2022-06-28 00:00:00
5ab64d34-9587-4699-8494-7fa2bc0e292c,Natan Wołk,1973-05-20 00:00:00,2013-04-20 00:00:00
ee8754db-b4d1-4d50-b801-a7985b00a4a6,Nicole Dudczak,1961-02-02 00:00:00,2014-02-10 00:00:00
47e18f53-4828-48ae-add5-b77b75cc73c8,Juliusz Humeniuk,1980-08-08 00:00:00,2011-11-20 00:00:00
c8986525-07a8-48e7-a99a-a31b2b9164ed,Rafał Swatek,1963-03-25 00:00:00,2020-01-02 00:00:00
239d9311-285f-42a4-857b-d78a3f827b2f,Tomasz Krzysztofek,1992-11-15 00:00:00,2000-05-29 00:00:00
e2ba70c5-2b27-4bab-9145-4ee77a9f5d2f,Leon Łyczek,1976-11-05 00:00:00,2015-12-22 00:00:00
4f5d32ea-bd2b-424e-b840-922209c73757,Klara Zbylut,1993-02-08 00:00:00,2001-03-03 00:00:00
93599e37-70eb-4961-8d3f-be10307e70fa,Karina Holc,1982-01-13 00:00:00,2014-06-30 00:00:00
4339245f-4244-4380-a7e6-e89430f0c74d,pani Ewa Górkiewicz,2000-09-20 00:00:00,2013-12-09 00:00:00
d7acd70f-e345-41bd-996f-9cd4ca50b34f,Liwia Ruman,2002-09-24 00:00:00,2009-05-06 00:00:00
18bc6416-6e99-4456-a505-1ba951ce2a59,Kamila Garbacik,1973-06-29 00:00:00,2018-07-10 00:00:00
24106344-054f-4235-a6cf-88e9d0890917,Tymon Kostorz,1974-10-03 00:00:00,2023-09-28 00:00:00
d8584e42-a205-47a8-a191-9cb532063106,pan Gustaw Satora,1966-08-30 00:00:00,2001-04-18 00:00:00
c377c359-c6e8-480d-89a8-e06350bf6bc4,Łukasz Bilewicz,2004-03-27 00:00:00,2020-10-05 00:00:00
f7919e57-b8c4-4863-b87b-7ae311cefa52,Andrzej Kocaj,2005-11-11 00:00:00,2019-03-26 00:00:00
474387db-3929-4968-bc8c-f32f7e9d4d93,Ignacy Kościuszko,2002-03-25 00:00:00,2012-04-26 00:00:00
f43f097f-b6a7-4280-84d7-a6c1efc5d05b,Grzegorz Mamcarz,1965-09-01 00:00:00,2009-01-25 00:00:00
14e17a17-d6c6-4567-8157-86d5bebfdd79,pan Gabriel Ceran,1989-04-08 00:00:00,2024-12-01 00:00:00
59f40e04-9097-49b3-9ec2-8cb167545052,Olga Sypień,1998-06-10 00:00:00,2016-06-18 00:00:00
9a5a7cfe-fe66-42d3-aa61-9d612175d1d6,Gustaw Zapadka,1970-11-06 00:00:00,2012-06-25 00:00:00
2069b33c-00e8-4584-b7c2-f30a55d254b5,pani Dorota Buszko,1973-07-27 00:00:00,2002-08-13 00:00:00
850b3a5e-3e6d-4913-aade-62256ed018c9,pani Anastazja Waloszek,1986-11-20 00:00:00,2001-10-06 00:00:00
901bc1a9-2e9d-4e49-86e5-2801a3ef99a1,Marcel Durlak,1984-04-12 00:00:00,2023-07-08 00:00:00
af8b1ca7-9e09-4756-bf63-57a3275c3ef8,Krystyna Pawełko,1986-03-18 00:00:00,2021-06-13 00:00:00
1a3739fa-e9ba-482f-855c-30bec78209f7,Radosław Cofała,1988-02-24 00:00:00,2001-03-29 00:00:00
1f130f8e-0553-4661-8fa4-e576d03d93d7,pan Antoni Karalus,1999-02-11 00:00:00,2002-12-15 00:00:00
4ed3aace-0e7b-4a40-bbb2-8294756d0fa4,Sandra Kłysz,1960-04-07 00:00:00,2021-01-18 00:00:00
defa9733-a950-448c-9f73-1dff562a9af8,Aurelia Gamrat,1975-01-12 00:00:00,2017-03-20 00:00:00
b56f8124-fce5-47f5-9510-f3c46108923e,Nataniel Bugla,1974-07-24 00:00:00,2001-01-13 00:00:00
7850f46c-b35c-4395-a41a-d8284642890a,Łukasz Boruń,1977-06-30 00:00:00,2003-05-27 00:00:00
d4c2aeca-32b8-4d2a-9b25-feeea195ad00,Radosław Gosik,1992-10-08 00:00:00,2003-11-05 00:00:00
3fa86bd1-e6d2-414f-91a7-d2388ff6c5b9,pan Tobiasz Duc,2002-04-24 00:00:00,2011-11-15 00:00:00
bab792a2-64a3-4227-b173-aec32ce61768,Gustaw Kuliberda,1980-10-07 00:00:00,2017-06-06 00:00:00
aecaaf26-2200-4ec8-a15f-41e5fa97ee15,Leonard Bogaczyk,1993-07-25 00:00:00,2017-01-15 00:00:00
34490745-af3a-4a10-a965-65e8ce55e62c,Jeremi Ksel,1980-07-26 00:00:00,2022-03-08 00:00:00
a5c35b84-a0c1-4b23-ab6d-60ab8b1ae967,Jan Dybał,1973-12-13 00:00:00,2008-08-22 00:00:00
6182689f-1861-418f-9b7b-6bf5d4f4b185,Ewelina Andrejczuk,1976-04-29 00:00:00,2022-09-07 00:00:00
3fe00f43-41f8-4193-9130-ee0d8d5a1a55,Hubert Jamroz,1981-07-03 00:00:00,2009-06-28 00:00:00
436f3e68-642d-41db-acbb-227352d0bdff,Olga Buczma,2001-02-27 00:00:00,2015-02-14 00:00:00
515518ab-e750-4e61-bf3a-8446ed584fb9,pan Przemysław Pytlarz,1960-07-14 00:00:00,2017-08-04 00:00:00
e44fdc23-2ae7-4ddb-950c-9c248e03e7d4,pan Olgierd Anders,1978-02-05 00:00:00,2004-08-15 00:00:00
76ca7d11-5ba0-40a7-9442-144975c37241,Lidia Kral,1962-09-23 00:00:00,2019-12-09 00:00:00
5009e9fe-c6af-4480-aae7-13d861049f4f,Artur Kłysz,1968-04-07 00:00:00,2006-06-09 00:00:00
c84caff1-b0a7-4b34-962c-73edf006220b,Aleksander Wajdzik,1972-06-03 00:00:00,2016-10-25 00:00:00
ebd45c64-3004-47bf-8d43-2760ff3fddd5,Kacper Bartkowicz,1963-10-16 00:00:00,2018-08-27 00:00:00
22fe1440-b557-4d52-bca3-157ba6ebc556,pani Karina Kozar,1978-10-04 00:00:00,2002-12-08 00:00:00
342ba26a-d5b7-4386-bee7-7b25966a3b56,Jakub Przybyś,1968-09-12 00:00:00,2011-08-10 00:00:00
83216af6-e6bd-481a-ab3e-2444132d23d0,pan Dawid Garczyk,1970-08-01 00:00:00,2005-06-10 00:00:00
956816ba-0e51-48d0-808b-a08e0da58fcf,pan Andrzej Fierek,1995-07-05 00:00:00,2021-03-12 00:00:00
a28c0644-6aaa-4813-b31e-9dedca0ad15d,Leonard Opas,1961-06-18 00:00:00,2002-06-01 00:00:00
d8d30fdc-c91e-4d50-9411-40df61b903d0,Maks Witos,1991-04-10 00:00:00,2023-10-23 00:00:00
6050b07c-434c-4dcc-b8a2-8a920af3c871,Monika Łudzik,1965-12-25 00:00:00,2023-12-20 00:00:00
4b82ea8d-3f64-4531-b7b0-a83dadc77842,Józef Czosnyka,1999-09-16 00:00:00,2009-06-04 00:00:00
47732a3c-f8a2-48a1-97f6-55bb3435cfe9,pani Agnieszka Zera,1976-10-08 00:00:00,2007-12-14 00:00:00
c69b2395-59eb-4d46-9b38-0cc647aa7070,Olaf Kocurek,2005-07-22 00:00:00,2011-03-11 00:00:00
6c5a1f67-0fe4-4192-b61b-78804b7f89eb,Gabriel Sierota,2002-12-24 00:00:00,2020-11-21 00:00:00
a56439e5-fc42-4abd-b46f-85300ed9354c,Adam Pachołek,1970-12-03 00:00:00,2002-11-24 00:00:00
8d706f85-7272-49d3-9ad5-14e1fceccb48,Jeremi Tyka,1978-06-15 00:00:00,2001-03-17 00:00:00
64d8e2fd-3afb-4702-b0a9-8e111ec6952c,Liwia Erdmann,1973-03-12 00:00:00,2015-10-11 00:00:00
13ef8458-929a-4db7-a834-971ab2c33971,pan Tymon Sznura,2000-03-17 00:00:00,2000-02-05 00:00:00
cbbaf9c2-e130-4f68-93a3-d50b67387170,Aleksander Kornak,2004-05-15 00:00:00,2011-03-08 00:00:00
4a147ba6-d12a-4e78-8792-10b24a84f90f,Ryszard Kohut,1974-02-25 00:00:00,2022-04-24 00:00:00
b58330ba-5ebe-4db2-8d98-46f5599d27fc,Olgierd Sromek,1987-10-28 00:00:00,2024-10-23 00:00:00
40f83289-0872-4ed9-89dc-162f235c5850,Konstanty Maślach,2002-10-03 00:00:00,2020-12-03 00:00:00
ba6996b3-0f80-46e2-8929-f0935ad900b6,Nicole Miąsko,1978-06-21 00:00:00,2022-03-15 00:00:00
0e51461c-2879-4a7d-a443-aa5eef717553,Kamila Strug,1991-07-07 00:00:00,2003-11-30 00:00:00
7d3bcc65-e8ac-425a-95a2-0abd490d7123,Błażej Parafiniuk,2004-03-02 00:00:00,2024-10-24 00:00:00
f8ee7e59-4572-4762-9676-010d0ea91443,Dominik Żelazo,1990-07-09 00:00:00,2019-09-09 00:00:00
627cd8e3-d28b-4a12-80da-de7625411cba,pan Kacper Łaskawiec,1976-04-04 00:00:00,2019-12-14 00:00:00
4fd4dde2-3a1e-4abd-b6ca-9af9fb47aefe,pani Blanka Stanuch,1969-07-02 00:00:00,2009-05-20 00:00:00
b3f26ddb-83a1-425b-981b-41f730443c8e,pan Aleks Krzyśko,1960-05-08 00:00:00,2000-04-19 00:00:00
7d014231-1d4f-4786-8896-00c127de91c3,pan Konrad Szafarz,1960-08-10 00:00:00,2024-07-19 00:00:00
9bd77950-71d0-4cad-af72-6e6e5c92fce0,Julita Woroch,1996-07-11 00:00:00,2009-09-19 00:00:00
fed7b4e2-b43d-4e97-a4a8-8a1da5afdda5,Tomasz Sapa,1993-11-20 00:00:00,2002-05-29 00:00:00
8ae3cfab-9e2b-4ecf-a391-64eda93a1eb7,Cyprian Staśko,1981-04-18 00:00:00,2013-11-23 00:00:00
c5051a6e-d22c-4565-bdd7-7dbd1137fb1a,pani Sonia Kwapis,1973-09-06 00:00:00,2018-05-27 00:00:00
bb19eca2-3733-4986-9721-a33a5dd5a9d5,Rafał Gumienny,1979-03-13 00:00:00,2000-10-05 00:00:00
7336ec47-f9d2-4db3-9e09-0c79e7cec792,Mikołaj Drewniok,1968-01-14 00:00:00,2021-07-19 00:00:00
c103851b-a6c8-425d-93d5-a50264e09260,Nela Honkisz,1967-11-27 00:00:00,2015-06-02 00:00:00
9451b268-75b6-43fd-a9d0-95950b117169,Maks Nehring,1991-05-02 00:00:00,2014-03-18 00:00:00
7de77c34-ec0e-40e6-b971-80f324d9009b,Sylwia Zagrodnik,1984-06-15 00:00:00,2015-09-30 00:00:00
98f10245-4035-4d00-a080-25fdbf6e8a6c,Aleksander Szczerbiak,1993-03-27 00:00:00,2007-03-28 00:00:00
3ed4d663-931f-4224-89a8-1ec396e8dbaf,Maurycy Szywała,1991-03-15 00:00:00,2011-12-27 00:00:00
fd6d8d6e-d577-4e27-adfc-e27c68ea3820,Ewelina Kuszyk,2004-10-11 00:00:00,2013-09-13 00:00:00
eb0855b2-9f06-4860-9937-66c534dd8bfe,Stefan Zyguła,2000-05-02 00:00:00,2012-09-25 00:00:00
363ac473-47e6-4385-9057-ff552e65efa2,Marcin Usarek,1968-02-14 00:00:00,2024-03-23 00:00:00
90578af0-d076-4bec-afce-973db537b3ef,Anna Maria Zbroja,1963-09-29 00:00:00,2000-05-27 00:00:00
3a65ac5d-9001-4ba3-8972-410009044ecd,Alan Szymała,1969-01-18 00:00:00,2001-05-30 00:00:00
312138da-0ff4-4ee3-bbcc-95938a25aebd,Sylwia Machul,1970-09-21 00:00:00,2000-03-30 00:00:00
36a00a2a-26ad-45e0-a4ce-f480e494b796,Maurycy Młotek,1988-08-07 00:00:00,2005-03-02 00:00:00
54513523-8fe8-43c7-be2c-f2f79915940b,Liwia Kulus,2004-02-10 00:00:00,2012-05-08 00:00:00
6b77ab1c-e4e5-4171-959e-b302193d6706,pan Nataniel Herba,1982-05-31 00:00:00,2003-01-15 00:00:00
9b038ac9-54dd-4602-aeb1-0a8602597dde,Adrian Sobków,1982-09-10 00:00:00,2016-10-06 00:00:00
7853287c-1569-45a7-bbe5-6ee0c4f94da7,Wojciech Merchel,1983-12-07 00:00:00,2021-12-23 00:00:00
e30d3a28-8aa6-433c-ade3-2df26981d560,Jan Gałat,1961-11-01 00:00:00,2007-11-24 00:00:00
09b612af-aacb-4536-bdfb-feca70cc1f95,pan Patryk Ochnio,1999-10-09 00:00:00,2021-04-14 00:00:00
ff501df1-6b7f-4d54-837a-eb7352b4a088,pan Błażej Wojcik,2000-11-11 00:00:00,2023-02-10 00:00:00
a121f55f-2686-4c9e-a130-d112f586be7c,Fryderyk Sakwa,1990-06-03 00:00:00,2024-02-09 00:00:00
a69105a9-cefe-44b7-b147-118c3c6778ea,Nataniel Fikus,1989-12-11 00:00:00,2016-06-11 00:00:00
8137ed4f-1fd2-4f27-bb73-3e90f3c6b47d,Fryderyk Święs,1980-09-21 00:00:00,2016-06-15 00:00:00
8e0f7e5c-3891-4d42-a5a5-a9bd71b5c721,pani Lidia Madajczyk,2003-10-30 00:00:00,2001-04-28 00:00:00
8ef1b2c6-176f-4502-b47f-1d64ff779f4a,Filip Boguta,1965-07-02 00:00:00,2015-06-16 00:00:00
03058de8-296b-4cd4-a5f5-ee2fb87ffffe,Marcel Gordon,1966-02-18 00:00:00,2016-01-17 00:00:00
a98783a2-6309-4766-b3cb-cd283b5154f6,Dominik Głownia,2003-10-21 00:00:00,2013-07-07 00:00:00
3d0a32d1-333c-4dbf-9491-d929f098c61a,Olaf Buszko,1967-06-23 00:00:00,2009-06-18 00:00:00
de9b06be-3dbe-4015-9f86-97701fde6bdf,Mikołaj Herbut,2000-02-05 00:00:00,2002-08-30 00:00:00
766b8038-5d25-4df0-b9bf-102b0d7fa369,pani Sandra Jamrożek,1961-04-29 00:00:00,2008-07-28 00:00:00
c8074e94-6e65-475b-af33-3d46715a188a,Ryszard Igras,1976-03-20 00:00:00,2002-12-29 00:00:00
2a26bdf9-891e-4f82-8400-06cc9263c810,pani Kamila Wosiak,1964-06-26 00:00:00,2020-05-13 00:00:00
89d2e328-5547-41d4-9d3e-41834b5a8e4e,Roksana Łabaj,1989-06-20 00:00:00,2004-08-22 00:00:00
8bc605b6-1f6e-4555-a141-9bd8763a2c5a,pani Dorota Wisła,1982-07-03 00:00:00,2018-07-13 00:00:00
95f970b2-1c5a-4274-b4b1-e336fd5f4f4f,Iwo Mrozowicz,1965-02-16 00:00:00,2020-11-11 00:00:00
6822b308-8189-4432-866b-5902467a4fff,Elżbieta Kolendo,1981-06-21 00:00:00,2023-08-15 00:00:00
ede79c98-f312-4fbf-8320-91818e911fce,Kajetan Midura,2002-02-19 00:00:00,2007-01-20 00:00:00
9e4d6802-afa6-47b5-aa6e-0a06822daaac,Stanisław Panasewicz,1985-12-19 00:00:00,2007-01-14 00:00:00
37fcad1f-44d6-4b99-8e60-58c09f2ce039,pan Radosław Kuzia,2000-06-27 00:00:00,2002-10-14 00:00:00
c0ef85ef-9af9-4ef3-ba60-59fab244f2f4,Tymoteusz Megger,1986-06-11 00:00:00,2019-06-23 00:00:00
9df4d5b9-239d-4bfc-9d16-c0dc93e82013,pani Aniela Gamoń,1960-12-11 00:00:00,2006-05-23 00:00:00
9bd4f3f0-8c26-404c-a6ee-828c554e4a2f,pani Marika Fik,1983-10-10 00:00:00,2022-02-04 00:00:00
59c667ae-2431-4603-8eea-dcf50e7fa87a,Aniela Żybura,1995-01-19 00:00:00,2009-10-11 00:00:00
19d1ec37-5e62-48c4-8f92-0a61ef383ec1,pan Józef Hamerla,1985-01-21 00:00:00,2023-06-11 00:00:00
d57206dc-f282-4434-99eb-f6f6c8abbaa2,Borys Basak,1980-06-16 00:00:00,2012-11-07 00:00:00
08e59571-d5fc-4a51-8eb2-0ff42fd9173e,Melania Majsterek,1978-02-25 00:00:00,2004-07-02 00:00:00
88f7361e-accc-40b0-a6ae-db98d1ce3fb6,Robert Karyś,1975-02-13 00:00:00,2003-07-20 00:00:00
1563479f-1266-4239-8c3e-34a2f4ff5500,Aleksander Cyroń,1984-07-26 00:00:00,2001-11-23 00:00:00
d8ec8174-09be-422f-a439-71cad797ffc1,Julianna Bittner,1984-07-27 00:00:00,2022-06-04 00:00:00
04081507-258a-46e9-b021-bdfdbbc2d900,Mieszko Penar,1981-04-23 00:00:00,2021-09-05 00:00:00
1e1e506a-50c1-4d3b-8213-4a067991e502,pani Sandra Kafel,1990-02-08 00:00:00,2008-02-21 00:00:00
42174fe0-0dc4-4317-b369-ea7b538302ff,Tymoteusz Cebo,1996-02-06 00:00:00,2005-07-21 00:00:00
8240b523-073c-4985-b584-1c282ddae80c,Eliza Bors,2000-04-10 00:00:00,2021-04-20 00:00:00
57e399ff-fcda-4f99-b9c7-30aa5beb1ba0,Leon Jeżyk,1960-12-24 00:00:00,2024-03-02 00:00:00
4378b821-386a-4ea0-9501-9902f25dcbfc,Melania Stark,2005-06-20 00:00:00,2007-10-06 00:00:00
5354e4e1-fc0f-47ce-bc93-ffbefecacb65,Gustaw Prucnal,1964-10-18 00:00:00,2004-01-26 00:00:00
6cccee38-68a6-45d7-8ceb-f9633b0ef717,pani Julita Serwach,1960-11-20 00:00:00,2013-09-11 00:00:00
05d511f2-18e2-4e25-ae45-d15613e39a4b,Leon Szczypek,2000-12-26 00:00:00,2021-12-14 00:00:00
d1cc8ad0-c66e-4a94-b28b-dd024a2e521d,Gaja Łukasiuk,2000-06-28 00:00:00,2013-01-21 00:00:00
c6f83597-a0f6-45ae-8ad4-483cdbfdcc29,Blanka Miksza,1964-05-23 00:00:00,2018-05-29 00:00:00
1e727e62-59b9-40f7-aebd-caddf46533be,pani Sara Kosz,1963-02-07 00:00:00,2000-06-09 00:00:00
4f73b89b-e8c2-4f9c-b7d3-802d416a09ff,pani Inga Gogola,1966-11-13 00:00:00,2020-01-21 00:00:00
2967c86c-5c32-42aa-a5cf-d61fd76be9f0,Artur Wołodźko,1964-03-10 00:00:00,2021-03-05 00:00:00
80ccae06-3267-4e70-b560-d4044326f6bb,Bartek Koniecko,1972-08-30 00:00:00,2022-04-25 00:00:00
cbf41b73-9c70-42bf-b47e-51dd8f47e87e,Marika Dreszer,1972-11-27 00:00:00,2024-01-03 00:00:00
4702b784-ec0f-4b05-b9ca-f7451b486b3d,pan Ignacy Niećko,1992-01-17 00:00:00,2000-12-11 00:00:00
5aea0cd8-c4e4-43f1-90a8-2d7f301adb6a,Nela Starek,2000-06-24 00:00:00,2014-12-22 00:00:00
b46f55db-e60c-4f04-95df-55dfadc946c9,Tymon Odrzywołek,1960-02-03 00:00:00,2000-02-12 00:00:00
f4739318-29f1-4709-a37b-925e97980bcd,Dagmara Słowiak,1970-03-27 00:00:00,2022-09-13 00:00:00
1a02f834-454b-45e5-a807-e32e113e9f20,Melania Klatka,1966-11-22 00:00:00,2010-12-13 00:00:00
ec21538d-683c-4df8-99b7-6443a30784a8,Blanka Filiks,1986-10-15 00:00:00,2011-08-25 00:00:00
a2204679-a40f-45ab-a520-0b3e1b5fea78,Marianna Kaczmar,2004-09-05 00:00:00,2005-03-17 00:00:00
251666b8-8418-4bdb-9a83-b0bc11e3f81b,Tadeusz Peciak,1985-03-27 00:00:00,2011-10-25 00:00:00
2cf5f70f-1978-47fa-8251-15772b6067d0,Ernest Kołtuniak,2005-12-29 00:00:00,2001-04-20 00:00:00
dd2a1c1c-0bab-4c73-bff2-e6d49e35753c,Aniela Jachimczyk,1967-03-05 00:00:00,2010-08-11 00:00:00
1c7ef984-975a-4839-b50e-2ca56e3f3c6d,Tymon Szatko,1982-10-13 00:00:00,2020-12-30 00:00:00
2bfa704b-7253-4ec0-a2ae-b124ccb93905,pani Anna Maria Bidas,1968-05-08 00:00:00,2010-04-09 00:00:00
9047a332-ec42-4a64-a818-e84baa0dcbfe,Fryderyk Kozok,2005-12-06 00:00:00,2018-10-12 00:00:00
22ca4dae-d0e3-4b1b-b91e-d72e608881e9,pani Nicole Ćwierz,1989-02-27 00:00:00,2020-01-16 00:00:00
4c2ee761-8a8c-4f38-bf82-470503dbff6f,Paweł Kręcichwost,1994-04-13 00:00:00,2007-07-01 00:00:00
f2f405b9-d270-4f70-9bee-375ed1b7a109,Eryk Kucz,1974-05-14 00:00:00,2015-02-08 00:00:00
3dfb60cc-c1f8-4d6c-b29b-5f99cfbfad74,pan Alan Waloch,1967-05-02 00:00:00,2006-09-11 00:00:00
82913d37-2514-4850-9f11-bf7b65289407,Maks Maksimowicz,1990-08-25 00:00:00,2002-07-07 00:00:00
6ea3618c-5223-4d86-9a9c-cf7654a8cc9e,Olga Szczypek,1977-08-26 00:00:00,2022-07-07 00:00:00
6170b6bd-2e72-470b-a2ac-9213fe5385da,Miłosz Józwik,1995-07-14 00:00:00,2014-08-21 00:00:00
78b90866-86bc-4e70-8fd0-7ec76bf95cc0,Tomasz Solnica,1989-11-05 00:00:00,2011-09-15 00:00:00
d426854d-ffca-4403-99c3-cbaafc621d58,Sara Mokwa,1987-01-01 00:00:00,2001-01-09 00:00:00
b96046fc-e18b-4ffc-8066-37e716c84868,Kamil Podsiadła,1961-02-10 00:00:00,2001-07-15 00:00:00
4c5aad86-729a-4a69-a6fc-08101135ef9a,Sylwia Krochmal,1980-01-08 00:00:00,2014-05-26 00:00:00
3b07361f-ce2b-43a2-b879-b389f5a37484,Kamil Krzywonos,1964-01-23 00:00:00,2003-01-06 00:00:00
91e2082b-3a1e-42af-9090-ef8209282dfd,pan Julian Zyzik,1998-10-17 00:00:00,2000-06-18 00:00:00
e02d7936-7305-4fd0-8a72-71d044ebe601,Tobiasz Dyja,1989-09-11 00:00:00,2010-10-21 00:00:00
9c733659-f3cc-41bd-9d09-65d3fa5b0e93,Kalina Bartela,1960-03-23 00:00:00,2019-04-23 00:00:00
0888935e-b6a9-4788-aaf4-f96177e78260,Nataniel Gorzelańczyk,1983-06-03 00:00:00,2007-07-20 00:00:00
2eb61fb2-6961-4bcd-8790-7375a524b2f2,Natan Czerwionka,2001-09-19 00:00:00,2024-02-19 00:00:00
468ff7df-2b9c-49fc-9592-a705b6fc1863,pani Sonia Broniek,1970-01-08 00:00:00,2008-08-21 00:00:00
1944691b-b7a6-4a26-b415-f599814e41b1,pani Elżbieta Frącz,1990-02-21 00:00:00,2012-08-06 00:00:00
afbef2a4-fe37-43d8-afeb-85060e40a7c5,Kamila Pszczółka,1974-06-15 00:00:00,2001-07-23 00:00:00
12a424eb-8c74-461b-a1df-60f09420778b,Lidia Wasilewicz,1969-11-04 00:00:00,2014-07-18 00:00:00
ffc1a9c2-e8ab-4bd8-8932-cc09a53b8d54,Miłosz Misiuk,1960-12-18 00:00:00,2009-09-18 00:00:00
ea816456-5f7c-4752-b329-a8cd9ae04a51,Damian Szumny,1992-03-13 00:00:00,2007-12-25 00:00:00
8b115cd0-a125-4e44-9cf3-5e44b84073c2,Wojciech Pizoń,2005-10-24 00:00:00,2014-12-25 00:00:00
fb398278-cce4-48e1-9341-61b477d7909d,pan Maciej Mrózek,1973-05-07 00:00:00,2012-09-17 00:00:00
dea2dfc5-3782-449b-b16e-14955b571fd1,Przemysław Ziegler,1963-10-19 00:00:00,2019-03-10 00:00:00
6d289306-5271-4b50-9f5f-624262b4f5e0,Bruno Kajdan,1982-12-23 00:00:00,2015-06-13 00:00:00
f59047df-097b-45d7-bda5-3146a8fb2cfa,Melania Pyza,2003-12-21 00:00:00,2003-12-27 00:00:00
045f3400-fe84-47c1-92e8-44a13be569ae,Ernest Ciuruś,1983-04-02 00:00:00,2012-07-09 00:00:00
36ddd789-384b-4e18-97d7-57633b90531b,Julian Kurc,1961-06-25 00:00:00,2004-05-16 00:00:00
20bc9480-32f7-404d-bd55-faeeecd76cf4,pan Nikodem Sady,1988-07-25 00:00:00,2012-01-23 00:00:00
fc57dc3e-5b61-4fd8-86db-dddad050844f,Róża Winek,1982-03-03 00:00:00,2000-09-26 00:00:00
77c1f118-c41e-44c3-873b-85e3925888cb,pan Aleks Gładka,1972-07-22 00:00:00,2010-03-12 00:00:00
58845c85-9a3e-4350-9a49-43419312b846,Adrian Kajdas,2004-07-19 00:00:00,2017-10-05 00:00:00
bd7131fa-f578-426b-921e-7bb860880118,Konstanty Dorawa,1975-11-17 00:00:00,2022-02-05 00:00:00
8f9e6d73-1746-4921-bf98-f4327c5062a3,Radosław Kołak,1968-08-27 00:00:00,2008-05-11 00:00:00
e2c05ca7-8c8a-4171-9a7e-118e02910e19,Wojciech Pałac,1991-09-15 00:00:00,2003-08-10 00:00:00
644f7390-2740-48f3-aa30-4f97d01e443f,pani Inga Czesak,1968-12-25 00:00:00,2020-01-18 00:00:00
5ba5f311-e3dd-49b6-a34f-b611d3194c1b,Andrzej Szymańczyk,1996-02-09 00:00:00,2001-01-19 00:00:00
6abec5d5-eafe-4b83-bbb3-942d7de57a93,Oliwier Józwik,1979-12-03 00:00:00,2001-11-27 00:00:00
cd391211-915a-44b0-a51d-6d8c869741d3,Sara Oskroba,1993-03-26 00:00:00,2000-05-20 00:00:00
16f15056-d834-46d6-9dda-09818fa57d87,pani Kaja Doroba,1980-05-01 00:00:00,2002-12-11 00:00:00
bbecf890-8f09-4740-8653-f23b4c2e7009,Anita Woda,1970-10-13 00:00:00,2003-02-26 00:00:00
44527572-a791-435f-a194-172587a0e196,Gustaw Kuster,1988-01-31 00:00:00,2022-02-05 00:00:00
fda87186-8a88-4f0d-86c9-797693b5c048,Rozalia Podpora,1983-09-08 00:00:00,2024-05-27 00:00:00
862b8ff0-4007-4704-8ce1-682877c6a5dc,pani Justyna Szczesiak,2001-08-31 00:00:00,2022-01-08 00:00:00
4e90e516-1cb2-4a6b-acae-2202122e40a4,pani Olga Herdzik,1973-03-30 00:00:00,2018-08-02 00:00:00
629a899a-6f55-441d-9ec2-a617b986e943,Dominik Pałyga,1993-04-22 00:00:00,2003-03-20 00:00:00
54d339e9-9ea6-4c6a-866f-210874134599,pani Karina Golczyk,1963-06-29 00:00:00,2003-08-01 00:00:00
a8b3a73c-8f37-41a7-8de3-cee48ba6e9fc,pani Marianna Chochół,1969-11-12 00:00:00,2001-10-31 00:00:00
9495aa06-eea3-4f2a-9fb1-07a4d31deda2,Ignacy Twardzik,1961-09-19 00:00:00,2003-12-19 00:00:00
8cebb369-1d38-4e6e-b038-40a815461af0,Andrzej Matela,2000-11-29 00:00:00,2014-06-17 00:00:00
0ca9eb17-05d8-45d2-89e2-79894c82b4bd,Dariusz Makles,1974-02-11 00:00:00,2014-03-26 00:00:00
faec9b92-7b55-4af0-a2f9-40d3f414290b,pani Tola Bilik,2004-04-22 00:00:00,2024-04-13 00:00:00
8283eac0-16ff-495e-9ee6-6fbf2a8f0332,Juliusz Herba,1981-11-20 00:00:00,2019-11-29 00:00:00
3e4efbe1-59a9-4620-9105-c7b6c6d7ab67,Piotr Sypuła,1961-02-16 00:00:00,2019-04-24 00:00:00
793066f4-cbd3-4b8a-a54f-f1e1a13e9775,pani Kalina Bork,2000-05-26 00:00:00,2021-12-22 00:00:00
14dee9c3-e3d3-402a-ad2c-b78a24c2fd5a,Liwia Dzika,1990-07-01 00:00:00,2019-12-30 00:00:00
51378e61-c426-4581-ab52-5f9eea11b3be,Klara Burczak,1989-12-20 00:00:00,2011-12-07 00:00:00
62de26b5-f8a8-493f-91ed-971cd1d64122,Wojciech Sadlik,1961-01-22 00:00:00,2003-10-31 00:00:00
b88a2955-3571-44df-b7d9-8903ed74745e,Stefan Bulak,1986-11-27 00:00:00,2018-09-03 00:00:00
c9b8a110-e190-4a85-954e-5387bccd94dc,pan Cyprian Franik,1997-12-29 00:00:00,2002-01-05 00:00:00
f2399b8a-7d96-401b-b977-ca0a5ddb5831,pan Fryderyk Makosz,1983-09-13 00:00:00,2019-06-19 00:00:00
238643af-090d-4825-a901-9f6bb9a7bada,Olga Siwczak,1962-10-13 00:00:00,2003-11-03 00:00:00
a62f46ac-d8a3-47b6-bc16-1653ad1ea3ef,Antoni Jakóbik,1976-01-31 00:00:00,2009-05-06 00:00:00
bad5a20b-ced2-46bb-a3a1-d8803bb70732,pan Adam Ciesielczyk,1969-07-03 00:00:00,2006-06-15 00:00:00
835dc2ba-8c46-437c-b972-a51269f50c0a,Kamila Żabierek,1998-02-17 00:00:00,2018-07-04 00:00:00
adb968c7-d67d-4331-bfee-c651d25c1251,Ignacy Milej,1968-08-20 00:00:00,2020-12-12 00:00:00
986dd8ba-1193-469c-992a-5fa115bb1f94,Daniel Walus,1977-11-17 00:00:00,2022-03-03 00:00:00
a47f6bed-6098-4db7-9e4e-38eaae3e2a2b,pani Marcelina Łyjak,1991-11-30 00:00:00,2008-09-22 00:00:00
dc4c4d0f-96be-4b22-b1f3-76fbbda91efb,Aleksander Policht,1991-05-26 00:00:00,2010-08-04 00:00:00
c62dd829-1d34-4264-974e-b4f0d52a46b6,Krystyna Kumorek,2004-04-01 00:00:00,2013-07-20 00:00:00
63ec76cc-8ba8-40a2-b2f5-c7f2e51dd290,pan Jan Sołtan,1990-11-18 00:00:00,2003-07-17 00:00:00
b234bdcf-1be8-483d-a58e-35a6d600cc66,Andrzej Buś,2003-12-02 00:00:00,2016-10-31 00:00:00
e3720fac-1b81-4b7a-8524-0b836e06fc51,Konrad Czochara,1991-02-24 00:00:00,2004-06-27 00:00:00
dfd239df-688b-45d7-ab23-d5a2e00a3c8c,Ewelina Dorobek,1978-08-31 00:00:00,2003-01-12 00:00:00
55098b95-1e6b-44ca-a67d-ceb7205e9e1c,Aurelia Szela,1970-03-01 00:00:00,2000-04-22 00:00:00
316b1908-572a-49eb-a029-25b59b01bfed,pani Angelika Wojnicz,2000-05-07 00:00:00,2019-05-16 00:00:00
f5e3c033-61a2-4ca3-829b-70a9f357e3db,Adrianna Ułanowicz,1976-03-17 00:00:00,2021-08-03 00:00:00
1a6c2f28-843b-442c-88f9-244ad3498c22,Ada Majewicz,2004-07-02 00:00:00,2005-10-27 00:00:00
6c828ca1-ac37-4e57-a721-1f3a4a6517a0,Apolonia Foit,1961-11-01 00:00:00,2020-05-31 00:00:00
7d879cd3-5854-443e-b014-e2815006be49,Kamil Sznura,1992-02-28 00:00:00,2007-03-19 00:00:00
a71e77f6-7a33-4446-a6c3-cef70b83ec23,Kamil Stojak,1972-09-04 00:00:00,2001-01-01 00:00:00
0b74e2fd-b4de-421d-acd5-2bbfce509066,Natan Jop,1987-03-23 00:00:00,2017-01-26 00:00:00
f25d810a-2e5a-4bdd-9602-3c05c75a55a4,Norbert Ruszel,1967-04-19 00:00:00,2018-01-09 00:00:00
716cf120-7e4f-4dcd-b2ff-317f6f0351ad,pani Marianna Borysiewicz,1981-05-25 00:00:00,2021-05-19 00:00:00
e4645c70-d16a-4cd8-bec3-4c2e914a2de7,Marcelina Indyk,1984-04-30 00:00:00,2023-12-05 00:00:00
ce335702-2526-43a4-84ed-50926f139259,pani Sandra Roszko,1975-03-01 00:00:00,2024-08-13 00:00:00
a2b01888-4ea2-48d7-ac68-7b32b4788dc4,Klara Maksym,1970-01-14 00:00:00,2021-06-30 00:00:00
3567d9d5-2df0-49f5-8e2d-f6c34d71dae5,Kamil Kraszkiewicz,1996-03-11 00:00:00,2001-09-09 00:00:00
d24d6b1f-17a9-463d-93de-a7a93ec324f5,pani Kalina Smela,1968-03-07 00:00:00,2012-04-10 00:00:00
2651660e-443a-44e4-ad82-43955a5183bc,Kacper Chromy,1988-10-04 00:00:00,2017-08-07 00:00:00
13d049d7-71ce-4ad8-ad64-f4a510e4a96d,pan Daniel Tonder,1978-04-09 00:00:00,2011-12-18 00:00:00
a4126aa8-67a2-4234-95f8-c4f28f653ca6,pani Angelika Jamroz,1973-12-29 00:00:00,2020-10-28 00:00:00
e13b11ca-bde5-46ba-8b75-93a37e6427c7,Kornelia Grygorcewicz,1999-10-26 00:00:00,2003-08-14 00:00:00
ca898233-b49b-4e5a-a2e5-f7d33a5b1d2e,pan Kamil Słowiak,1988-05-22 00:00:00,2005-04-28 00:00:00
89bc1500-e603-4e09-8778-6519bb39a25c,Józef Szmajda,1996-05-04 00:00:00,2017-11-07 00:00:00
9b10877c-a93f-43c5-bd8d-8aaca3d1418f,Łukasz Hapka,1979-07-22 00:00:00,2008-12-10 00:00:00
906bf4de-355c-43bf-8e3e-3f719e4d8f01,Blanka Piesik,1974-01-03 00:00:00,2012-10-16 00:00:00
f2a895b6-862b-45cc-99a7-8df2ce1fcafe,Marek Teterycz,1960-05-09 00:00:00,2012-04-18 00:00:00
3be77935-acb8-4619-9654-ca543e7ee414,pani Kalina Brzeźniak,1970-04-01 00:00:00,2019-03-19 00:00:00
f0f90c94-cd5a-4302-bc36-2be710fdbc02,Jan Lica,1973-06-20 00:00:00,2006-10-01 00:00:00
678a7016-649d-49af-a596-a34bea741e86,Natan Klyszcz,1967-02-12 00:00:00,2006-05-13 00:00:00
a991bce8-74cf-48f2-aa9a-9d61ce0aecc1,pani Kamila Kabala,2002-03-02 00:00:00,2015-03-31 00:00:00
640a1fab-c124-406e-bd3d-ea248f80dee3,Gaja Porzucek,1978-06-06 00:00:00,2003-07-22 00:00:00
f844713d-ce61-4545-acfa-6a0b56e0e15e,pan Damian Wielgat,1962-08-26 00:00:00,2009-09-15 00:00:00
19c9940b-c8cf-4e9e-ba3f-1f6e0366e477,Grzegorz Zeman,1991-03-14 00:00:00,2017-05-09 00:00:00
8e1d38b7-9ca9-43eb-991f-6fa00b681dea,Grzegorz Pajda,1977-10-03 00:00:00,2015-03-27 00:00:00
ae536530-ba5a-42ab-b6fe-c26bbd6d8460,pan Aleksander Łyjak,1983-11-21 00:00:00,2000-04-03 00:00:00
1724f29a-2ab0-492c-a6dc-c5d644dfc6ee,Tomasz Kral,1971-01-10 00:00:00,2014-01-12 00:00:00
f90991ac-bd30-4647-93d1-7e75be62e4a5,pani Melania Malcher,1987-03-09 00:00:00,2003-08-18 00:00:00
034aa32b-9a35-40fc-afa7-59dab4dd07c9,Bartek Klęk,1960-09-17 00:00:00,2015-12-02 00:00:00
21796907-3aaf-4953-af6a-8ca28036eca1,Aurelia Szulist,1981-02-26 00:00:00,2011-05-02 00:00:00
d713c1ed-26b3-49e0-8c81-5539fa1fb1f1,pan Borys Hus,1961-07-21 00:00:00,2012-05-08 00:00:00
7f8a3e92-f4da-461e-8d82-7ab2feb19b5b,Kornel Haraburda,2001-01-10 00:00:00,2002-04-14 00:00:00
9b86dc4c-47ab-4ac7-a073-47628eee0b72,Cyprian Martynowicz,1963-03-02 00:00:00,2015-11-17 00:00:00
87154dd8-7709-4a1f-9d3d-da3dfeb1dc46,Tola Sztaba,1967-02-19 00:00:00,2006-01-30 00:00:00
09e92c71-b8db-40c7-ae09-fcdaed90dba0,Natan Szymańczyk,1997-01-02 00:00:00,2022-01-07 00:00:00
de3f3606-f059-4f17-9a3f-12355b5e50de,Marika Graban,1982-12-11 00:00:00,2017-11-14 00:00:00
7e0d5406-3a70-46b5-85ac-e98b99b554fc,Artur Złotek,1976-08-21 00:00:00,2002-07-10 00:00:00
01448ca6-08b4-4e33-bc14-a3c283bfdabc,pani Roksana Wacławczyk,1970-04-17 00:00:00,2018-08-07 00:00:00
3863b7e9-93cb-4281-afac-10c8a7d6460e,pani Apolonia Cecot,1965-09-01 00:00:00,2017-01-16 00:00:00
b90b31c6-286f-4210-bf40-09139def5979,Jeremi Szyja,1965-10-07 00:00:00,2010-01-27 00:00:00
c615c7f6-0ad7-441f-a628-38a8edbbe070,Maurycy Listwan,1976-01-03 00:00:00,2016-07-02 00:00:00
4c2f0883-9cf2-4020-ba00-e72127eb4a25,Tymon Zontek,1991-04-25 00:00:00,2012-12-31 00:00:00
c7046b10-5dd7-40f9-b9d4-2b11fd95ba21,pan Jakub Wojewodzic,1979-08-14 00:00:00,2002-02-28 00:00:00
21dd3085-0583-4e15-894a-9f4be3ccd196,pani Sandra Dudkowiak,1971-03-02 00:00:00,2018-10-02 00:00:00
19dc20e7-b27f-4783-b187-f663af913deb,Anna Maria Majdan,2001-04-10 00:00:00,2005-11-19 00:00:00
3513fa01-cc04-4ca6-a668-86cf55675b9d,pani Monika Broncel,1993-08-08 00:00:00,2012-05-30 00:00:00
5bea504f-c968-4c8f-bebf-c4af89bea486,Przemysław Misiarz,2002-02-03 00:00:00,2007-04-04 00:00:00
e380db8c-9215-4991-a4ec-9dca5de9344b,Krystian Pinda,1992-10-16 00:00:00,2024-06-14 00:00:00
65765da9-a093-48c2-a3cf-40ca9daeec02,Inga Fijałek,1998-04-24 00:00:00,2001-02-26 00:00:00
cd20766f-75ae-4ef4-a722-4fcd063e1a4d,Ewa Kuryś,1981-08-11 00:00:00,2014-02-11 00:00:00
5e242122-bb64-48bf-8d1d-53b2b1253ea4,Julita Berdzik,1975-11-11 00:00:00,2008-04-07 00:00:00
f81e8eef-5cb9-43fa-baeb-2fc164edf745,Jerzy Migała,1995-05-18 00:00:00,2021-08-27 00:00:00
c4b1c3fb-5013-410b-afa2-d48c6fcdf415,Karol Bela,1980-12-03 00:00:00,2024-09-05 00:00:00
9f6ce8c8-f711-46f0-b69b-5af100ec711f,pani Ewelina Królikiewicz,1979-08-26 00:00:00,2021-06-14 00:00:00
8741ce33-b005-435f-894b-f3424e62666f,pani Apolonia Klęczar,1993-01-08 00:00:00,2004-06-22 00:00:00
99595e92-6c09-4ff6-8316-312145786dd1,Mateusz Trybuś,1993-05-22 00:00:00,2002-12-15 00:00:00
7ad9ccda-f326-4ae3-b878-aefc5d006728,pan Marcel Pietrak,1999-07-15 00:00:00,2008-09-14 00:00:00
b50d2e3d-b434-4542-96f1-3ebb93b5462d,Robert Januchta,1962-11-19 00:00:00,2005-11-04 00:00:00
a53463ea-48e5-44b8-a455-7f02a1dccde3,Tola Goworek,1964-08-18 00:00:00,2004-07-13 00:00:00
885b8865-615f-4b9c-a04a-0973b9ccfe66,Natan Porwoł,1966-10-31 00:00:00,2010-12-27 00:00:00
b2e65ae9-111f-4169-811d-1e4c97848a95,pan Aleksander Droździel,1999-03-23 00:00:00,2011-03-03 00:00:00
b49be7d0-e9b6-4316-b306-85c85b49c229,Dominik Misiaszek,1964-03-11 00:00:00,2020-09-20 00:00:00
72466568-d001-4854-aff6-a9db6c677733,Olaf Wolan,1964-03-01 00:00:00,2017-07-24 00:00:00
eae1ead6-7509-4155-aa9d-51b673f27e1a,pani Sandra Ćwirko,1979-03-05 00:00:00,2004-11-26 00:00:00
ad84ac30-c777-4226-a86e-2f27233557d9,Antoni Wołoch,1974-05-18 00:00:00,2012-03-15 00:00:00
c27fe741-9bf6-498f-822f-c63a668728a1,Adrianna Stawowczyk,1995-07-07 00:00:00,2011-12-18 00:00:00
3e89a3d8-afdc-4ddc-8198-b6d2712e2eac,pani Aurelia Goliszek,1972-01-31 00:00:00,2022-04-09 00:00:00
17c622ac-9a92-4c45-ae8c-95aefc36111a,Karol Prawdzik,2004-07-18 00:00:00,2004-11-20 00:00:00
7228ee64-d1c8-4bfd-8904-1e5e93cbb45e,pan Antoni Subocz,1974-03-27 00:00:00,2010-07-06 00:00:00
5011c2c2-688a-428a-9f4b-1093feee1acc,Kalina Kij,1962-06-24 00:00:00,2020-07-05 00:00:00
1a35c8bb-d98c-4343-93c6-005cad556752,pan Maksymilian Pochopień,1993-12-27 00:00:00,2019-03-29 00:00:00
1b838a3e-f178-4993-a9ad-87a5d11f1833,pani Kalina Kędziorek,1983-05-12 00:00:00,2013-05-02 00:00:00
b08695bd-10ed-49ee-8c25-f071f9bfa17c,Artur Sass,1968-02-29 00:00:00,2019-10-30 00:00:00
3ac96198-5195-4c1d-a8ef-e026c52b032e,pani Gaja Szurek,2002-05-11 00:00:00,2004-12-23 00:00:00
3aa10a12-f544-4c29-ad99-09d58adf1d7f,Tola Danilczuk,1980-02-17 00:00:00,2010-08-05 00:00:00
365700a7-1f2e-4f68-b76d-364dbbe45377,Gaja Roda,1992-01-17 00:00:00,2005-08-26 00:00:00
38f7bae6-0fb3-4a15-ac7e-8ab9663fad2d,pani Kaja Reimann,1970-12-08 00:00:00,2001-02-07 00:00:00
58d4bef3-4ff8-49bd-9187-b402d55bbe49,Róża Goworek,1986-11-28 00:00:00,2021-08-19 00:00:00
55d7a659-423c-43af-a370-baf211c118e7,Aniela Dylak,1968-03-04 00:00:00,2020-06-13 00:00:00
95729d76-1286-42a1-b62d-4d660c5aed1f,Kacper Kijanka,1970-10-17 00:00:00,2014-04-20 00:00:00
98347e67-5f2d-4631-99e7-ffaeb9257e4b,pan Karol Motak,2005-03-05 00:00:00,2003-07-04 00:00:00
c7868cf6-7f1b-48f6-95ea-b4ffcb97c827,Blanka Opioła,1995-01-28 00:00:00,2015-06-16 00:00:00
e5b0d959-649c-46b2-b90e-e73a5fd488cd,Miłosz Boguś,1963-07-18 00:00:00,2000-09-29 00:00:00
8556750a-69f2-4c9f-9ea7-09b588b165ed,Fabian Pietrasz,1964-05-23 00:00:00,2023-08-04 00:00:00
35712310-193c-4f65-9281-296cdb7a850d,Błażej Golan,1997-09-21 00:00:00,2014-02-11 00:00:00
4f7f2719-af11-4ef1-af58-ca74437c5f4e,Andrzej Kranc,1978-12-10 00:00:00,2017-05-21 00:00:00
1c6d97ad-3f53-4ba3-899a-07dc3fc9ab38,Antoni Bojarczuk,1967-07-18 00:00:00,2010-02-27 00:00:00
d56a9f25-321c-495a-a737-90524bbbb4b5,pan Ksawery Borysiuk,2001-10-28 00:00:00,2018-12-10 00:00:00
1de49e6b-76dc-44b8-87b1-f0bae1b79979,Olgierd Zarzeczna,1976-09-12 00:00:00,2001-05-23 00:00:00
399f6034-6e86-4e27-bf53-22f2298e7545,Natan Zadora,2000-01-27 00:00:00,2022-03-13 00:00:00
9e47b098-dd6a-4ee1-a5a7-3afece67a0a4,Natan Tekieli,1993-05-17 00:00:00,2016-12-02 00:00:00
44cc15c2-5d07-4e79-9069-62f1b8fcaee7,pani Rozalia Mak,1997-08-01 00:00:00,2024-12-08 00:00:00
cd6d01e7-b691-4c22-9006-64482d5939fd,Adam Kalinka,1973-09-20 00:00:00,2013-05-19 00:00:00
323bf1d4-ecca-4548-a481-2e2c681e65a4,pani Ada Feluś,1960-07-02 00:00:00,2023-02-11 00:00:00
c7f5b176-c998-419b-9475-95433c7d7b6a,pani Anita Gregorowicz,2003-09-04 00:00:00,2013-05-13 00:00:00
4f48d82c-0665-4890-b35b-02ef88aa52dc,Natan Foit,1974-12-15 00:00:00,2016-01-07 00:00:00
8a20f067-c003-42ee-9adb-bd81baeacd80,pani Janina Stelmasiak,1990-12-02 00:00:00,2021-12-19 00:00:00
4c74ed90-b4a9-4533-88e4-6e295a16827d,Hubert Łodyga,1983-05-29 00:00:00,2013-05-07 00:00:00
777f6e63-c985-4d90-803a-95bfe3adb15f,Róża Piotrak,1970-10-20 00:00:00,2004-01-21 00:00:00
4dc535ee-af72-4503-83c8-797a5b1f9cb0,Damian Smolorz,1960-08-06 00:00:00,2017-07-19 00:00:00
024b0c75-02c3-4736-9b8a-4fd6d123768c,Bruno Żołnierczyk,1964-05-25 00:00:00,2005-12-14 00:00:00
4a2c208e-8420-48a5-86b4-835d0e4053ec,Kamil Tlałka,1991-12-30 00:00:00,2004-03-14 00:00:00
92096913-3ff2-45e0-ac20-69e5695b6723,Kornel Wichary,1964-11-15 00:00:00,2020-02-17 00:00:00
56d8c118-55bb-44cf-81f2-d981c0a4d82c,pan Leonard Grzeszkowiak,1968-01-21 00:00:00,2008-05-19 00:00:00
f273a504-adf1-4b34-925f-ee322a2d9d8a,pan Kazimierz Kaszkowiak,1998-12-31 00:00:00,2019-09-01 00:00:00
448e5dec-0b83-465c-85b0-65c4b3bab6aa,Bruno Kruś,1975-08-15 00:00:00,2014-05-31 00:00:00
f0a9f32f-17f1-4bd9-bff4-a4f42ff24702,pan Grzegorz Boruc,1975-08-06 00:00:00,2009-07-30 00:00:00
aa34a775-880a-4be4-b221-820da977ab39,Sandra Och,1976-03-30 00:00:00,2013-06-19 00:00:00
df3f9239-d18d-494c-941a-f8523134743c,pan Ksawery Proć,1989-02-09 00:00:00,2010-05-28 00:00:00
39419dfb-423c-4499-8ed8-27569570230c,Piotr Bazyluk,1999-07-08 00:00:00,2017-10-09 00:00:00
61311f41-fc41-4f2a-bb59-7e4b34381461,Karina Flisiak,2003-10-20 00:00:00,2018-01-31 00:00:00
335dac00-13a4-4274-8889-7b2910fc2a6c,Michał Grys,1962-10-16 00:00:00,2006-09-17 00:00:00
c32072aa-6db2-4459-aecd-531605cc7dd3,Tobiasz Grys,1970-08-04 00:00:00,2009-12-06 00:00:00
39848c4f-b5ed-42d0-9b0f-0734667da391,Nikodem Citko,1976-07-02 00:00:00,2024-05-16 00:00:00
1d3d1a1d-a7a3-45e3-af09-7f0fdffc36b1,Olaf Taciak,1985-12-29 00:00:00,2023-07-28 00:00:00
898329fb-b9e3-4179-a76d-7c640e094a4e,pan Karol Mydlak,1963-05-19 00:00:00,2011-06-29 00:00:00
466e8d48-e482-4e16-a194-f523cf9b7dae,Emil Jarosik,1979-09-08 00:00:00,2012-07-20 00:00:00
ea81807e-06ff-4b10-9aa2-9adc692cc07f,Paweł Kolman,1971-12-12 00:00:00,2000-11-26 00:00:00
68d640b0-1ce2-4a0c-9f58-d76849f79fbb,Adrianna Bazydło,2003-04-12 00:00:00,2003-07-16 00:00:00
0dd2728e-20c5-4f4a-b996-ce7d810883ec,Ksawery Prasek,1982-06-11 00:00:00,2018-02-23 00:00:00
f8496293-f50b-4ac2-ba6f-ad33180353b1,Mieszko Skała,1962-08-09 00:00:00,2001-05-12 00:00:00
bfb0cc73-099a-48ce-8fea-305e3837f184,Borys Wasil,1963-04-11 00:00:00,2007-12-13 00:00:00
d5e053b0-2e1e-4d3a-bbd3-6e471ecc0e78,Krystian Smalec,1979-04-03 00:00:00,2016-08-13 00:00:00
3d879427-e06e-4495-8e6b-55c2ba5c88a5,pani Olga Zander,1961-10-08 00:00:00,2007-01-22 00:00:00
ae319f46-fa37-4060-8328-223cd8fa7ea4,Grzegorz Pilarek,2000-02-09 00:00:00,2006-04-01 00:00:00
212f340a-e6bf-42c1-8460-4ec0fcbf12f5,pan Tomasz Olchawa,1992-06-26 00:00:00,2022-05-14 00:00:00
5364aa19-2057-407b-8f43-df76b668c715,Cyprian Przewoźniak,1964-10-13 00:00:00,2016-05-08 00:00:00
fd24e8e8-3965-40e2-9ef8-f2d6df239081,pani Ewelina Sochaj,1962-12-12 00:00:00,2005-07-31 00:00:00
532637ad-e24b-4ea9-af56-3d0036678004,Melania Kubina,1980-09-28 00:00:00,2014-07-13 00:00:00
f83cce04-4d92-4002-9ffd-94bc2fcce2b4,Piotr Brygoła,1981-07-08 00:00:00,2019-12-05 00:00:00
e0b30ecb-ed83-4c5f-9861-44d29d426883,pani Dorota Job,1992-08-05 00:00:00,2022-04-26 00:00:00
fd1ebc82-0f00-4d8f-8c1e-ed64536b68d2,Wiktor Sobel,2004-02-17 00:00:00,2007-12-14 00:00:00
179a15d4-e81b-4444-853d-1cabb16d065c,pani Klara Melaniuk,1984-03-31 00:00:00,2001-05-14 00:00:00
b0354f90-b789-4b14-aeec-7951e7da2c3a,pani Bianka Szymula,1967-12-22 00:00:00,2018-12-02 00:00:00
0448f425-23e0-4f0c-97f7-225a309d1e91,Przemysław Małyszek,1987-02-27 00:00:00,2003-08-15 00:00:00
4a630cea-a7bf-4da0-84b5-ceb7a4fdfa72,pani Róża Pinda,1963-01-31 00:00:00,2015-12-16 00:00:00
77be31da-b4c3-4022-b277-583e7a3940f0,Urszula Frącz,1971-09-21 00:00:00,2013-06-06 00:00:00
872b05c1-48b0-4705-8201-16be09d59548,pani Adrianna Lesik,1996-10-21 00:00:00,2020-01-17 00:00:00
a4e2484d-64be-489c-871b-82ea959037c5,pan Mateusz Gołek,2001-10-15 00:00:00,2003-11-16 00:00:00
b7cc593b-d450-43b8-9006-f77c9046b22d,Alex Nikołajuk,1988-01-03 00:00:00,2014-02-14 00:00:00
50215072-6273-41d2-b02f-89943949ba5f,Dawid Szczepaniec,1980-10-04 00:00:00,2011-05-26 00:00:00
c895751f-c38d-4c5e-9e0c-ce4594a1a5ec,pan Maksymilian Kozubal,1991-05-27 00:00:00,2017-04-16 00:00:00
463c5a3e-80b9-4379-b006-ad6b8be52c49,pani Sara Łaciak,2002-06-23 00:00:00,2009-06-28 00:00:00
b5f8ba1c-c964-4b51-85e8-b397c4990d5d,Alan Kałek,2002-04-16 00:00:00,2009-11-06 00:00:00
bb39bbf7-e520-427c-9ca2-7b7a36821be6,Aniela Słabosz,1979-06-12 00:00:00,2007-12-08 00:00:00
0d06a3f2-52c9-42ab-b615-88c8e301e92d,Marek Lenik,1960-03-02 00:00:00,2014-02-27 00:00:00
ffcedb15-f3fa-4fa8-b856-6f45298de0c5,Alex Karyś,1972-04-15 00:00:00,2014-05-20 00:00:00
923f7a1f-5a33-4a0b-a3f0-74a4a7ffc5c3,pani Ida Lempart,1975-09-25 00:00:00,2004-05-18 00:00:00
50cc9afc-3561-407d-89ea-bdd8def3aa8a,Marika Siewert,2000-12-13 00:00:00,2024-04-12 00:00:00
9b3e8380-2c9c-4d7d-99b4-e38dabc2bd2b,pani Marianna Nikołajuk,1978-02-13 00:00:00,2006-04-14 00:00:00
08e2526b-bf07-4120-b33c-80016c5615d9,Ada Cich,1976-01-01 00:00:00,2017-11-24 00:00:00
dc7f6e03-7a69-409f-aef5-94fb050b787a,pani Sara Mendak,1984-08-23 00:00:00,2024-01-06 00:00:00
19c36074-22ef-49b9-a0b4-7d4ff47e3cfd,Łukasz Kwapis,1962-10-13 00:00:00,2006-09-17 00:00:00
f13fd695-a9a6-4838-8dee-5b831eb6900e,Aurelia Duc,1960-08-09 00:00:00,2010-10-02 00:00:00
0dbb0516-8120-4da5-a96b-1c2917a30df2,Anita Karmelita,1979-03-19 00:00:00,2011-09-04 00:00:00
b7ac7560-74be-4512-816e-bea0941215bb,Bruno Kałwa,1985-04-04 00:00:00,2008-07-09 00:00:00
f665fa01-1af4-4fdb-8118-be08479d4b21,Sandra Ostafin,1969-01-20 00:00:00,2004-07-06 00:00:00
3968041b-5841-4bfe-aa9b-ccae204b63c4,Kazimierz Kułach,1976-04-08 00:00:00,2020-06-30 00:00:00
3dc9245d-ea3d-412c-b4ef-bdfc500e4f66,pani Marika Cogiel,2001-04-25 00:00:00,2011-10-18 00:00:00
4654b5b2-32a6-4077-bbde-15afe085adf9,Iwo Czupryna,1988-11-06 00:00:00,2006-07-11 00:00:00
2b3a252e-c2a2-4fd7-ad2d-2aa5bb87201c,Lidia Siemieńczuk,1969-05-20 00:00:00,2001-08-05 00:00:00
5f727f13-ceed-4054-827f-850ee4941c32,Janina Macek,1992-03-15 00:00:00,2013-07-10 00:00:00
ca779e9d-f9e2-49f8-a686-b0e33f456427,pani Róża Kościelak,1965-03-09 00:00:00,2000-07-19 00:00:00
8b751b57-4222-4f4c-93b0-a5823afd3323,Robert Ficoń,1997-08-24 00:00:00,2021-06-02 00:00:00
9a3a6444-1e28-464b-8130-53d77ad638ef,Sandra Dawidczyk,1961-10-31 00:00:00,2017-12-04 00:00:00
df97bda3-1a5f-4597-9d92-cf30ac1abd5e,pani Gaja Trochimiuk,1965-02-18 00:00:00,2013-03-20 00:00:00
4ececf46-c314-4332-b924-2317f5fa33c3,Blanka Kałwa,1963-02-13 00:00:00,2015-03-04 00:00:00
1072063c-69d8-4058-b0e6-68f8aa0d46ab,Kornel Jośko,1960-03-09 00:00:00,2013-05-28 00:00:00
63e88458-91af-4808-bdf0-89195548827b,Gustaw Walkusz,1996-03-18 00:00:00,2023-03-23 00:00:00
15bdde74-f589-4de4-be2f-2af0c3851eeb,Gaja Olbrych,1992-07-16 00:00:00,2018-11-04 00:00:00
3415a46d-3197-4516-84ae-8d3ec75a707b,pan Franciszek Jędryczka,1971-04-13 00:00:00,2016-12-20 00:00:00
c1bc7170-5b5c-4766-9804-247410b1af00,Daniel Plich,1988-11-26 00:00:00,2020-12-02 00:00:00
875ab2ee-9639-40da-9da4-bd399e4a36d9,Leon Plewnia,1986-07-14 00:00:00,2009-11-28 00:00:00
bb7f6833-b22b-47f7-b2b8-8aee335a5564,Ryszard Komisarczyk,1981-09-16 00:00:00,2023-03-16 00:00:00
21c584ce-7f5a-4416-b9be-aa0880ec34e7,Kalina Ryndak,1992-01-30 00:00:00,2014-01-17 00:00:00
b92f73b7-87f0-4bcd-aa34-5e3a1bf26b8a,Ignacy Rzeszut,1968-06-26 00:00:00,2008-06-08 00:00:00
4242b094-2491-4e93-b23d-bd240ecde51f,Anita Żelazek,1984-02-24 00:00:00,2003-04-22 00:00:00
282c3a6e-7c72-4553-9293-a0920f303448,Dawid Styn,1965-08-07 00:00:00,2015-07-11 00:00:00
d05771ec-803b-4180-990b-298a694f9bf2,Rozalia Rajman,1967-12-29 00:00:00,2009-11-27 00:00:00
0a707147-ed4f-428d-af35-229a7607555d,pani Sara Bogumił,1993-01-26 00:00:00,2010-10-12 00:00:00
d30e4dca-cf0e-4ec5-a725-c8e28aba7913,Adrianna Kopczyk,2001-07-27 00:00:00,2010-12-22 00:00:00
42f18ec9-7e60-4138-a17d-5522f79c895a,Igor Golenia,1978-10-19 00:00:00,2015-06-09 00:00:00
b81532c0-55dd-4394-8f0f-6a5cc785cc92,Robert Antoń,1968-02-27 00:00:00,2006-01-05 00:00:00
cb29fdcd-b967-4920-9e44-e271649032d5,Róża Roj,1990-12-23 00:00:00,2007-09-06 00:00:00
cd5d0dc1-a4ee-4e28-8894-f49ba976c4f1,pan Cezary Smyl,2004-02-13 00:00:00,2016-07-15 00:00:00
cf5c3621-c6fc-43c1-93f7-1b76a9d862e7,Juliusz Dawidczyk,1963-09-30 00:00:00,2015-01-21 00:00:00
cbe216e9-d4ca-4e13-bb6b-0e5f7bdb26d4,pan Ryszard Sadura,1985-08-13 00:00:00,2001-11-18 00:00:00
658f7d43-b278-4b2c-a1ea-b96096a0434f,Sara Pera,1966-10-29 00:00:00,2021-12-17 00:00:00
d0aa6052-9c1f-4bf6-b13f-611c6f6bbd02,Antoni Mądrzyk,2001-05-07 00:00:00,2022-05-18 00:00:00
16d2cc35-a79a-4829-b063-6d0ffbd19f3d,Cyprian Podkowa,1980-10-27 00:00:00,2016-12-13 00:00:00
461bdd40-b248-4965-8ee9-36c486627f17,Jeremi Wikło,1997-06-01 00:00:00,2014-10-02 00:00:00
945c59a0-a310-4760-87d7-0f8e8ae3185b,pani Nicole Fidor,1964-02-25 00:00:00,2021-03-13 00:00:00
eccdc4eb-4127-4a3d-a713-91a9eefad998,pan Daniel Wiak,1995-11-06 00:00:00,2002-02-14 00:00:00
aa0a369d-b9ab-4ba4-9ee9-62bf1ddc511a,Daniel Geisler,1970-06-29 00:00:00,2016-12-08 00:00:00
1c9453f1-919d-42fb-83cc-535401af3d58,Marcin Koczy,1996-12-11 00:00:00,2013-03-18 00:00:00
322fa87b-725b-4391-8d03-2bfe46074cd7,Julianna Portka,1997-02-25 00:00:00,2006-04-09 00:00:00
fccbef22-2cfc-4087-b265-86bda67d8bc9,pani Sara Pacura,1974-11-13 00:00:00,2000-03-14 00:00:00
ddeb823a-85ca-4e0b-bb75-cb9d50b81b2b,Olga Macha,1996-05-31 00:00:00,2022-01-16 00:00:00
005cfe59-d265-400f-bcf3-5e5fb10e4422,pan Sebastian Zemanek,1990-03-16 00:00:00,2024-07-23 00:00:00
34ddf0ee-cc32-40ce-bb7f-e4be1afa6e20,Leon Suchoń,1985-09-15 00:00:00,2013-07-03 00:00:00
eac5860a-e5ba-489f-b92d-ada4abc833e1,Szymon Jezior,1972-05-08 00:00:00,2003-09-19 00:00:00
84c0fe37-16ba-4963-8ea6-c51d0eb43e91,pani Sonia Loba,1996-02-06 00:00:00,2010-10-30 00:00:00
5df73eff-3102-4f20-96bb-d8c2ec6a85b0,Kaja Gronkiewicz,2001-06-06 00:00:00,2006-04-21 00:00:00
cce04120-a9b0-42c6-9231-c34d18f01a9b,Julianna Mizgała,1988-04-23 00:00:00,2001-05-21 00:00:00
14f1b0a4-9df0-49ee-9bd6-2320a9530846,Emil Sarosiek,1998-10-24 00:00:00,2015-01-01 00:00:00
6a481e9f-358c-4d77-b5d6-c714ca5ae485,Aleks Jędruszczak,1982-10-03 00:00:00,2012-10-04 00:00:00
4ff7943b-fca8-4554-8a7f-48c791caca80,Sandra Niesporek,1978-06-25 00:00:00,2014-04-20 00:00:00
8211ded7-762e-4c14-b229-20853cb10acb,Leonard Tabisz,1982-03-08 00:00:00,2008-01-08 00:00:00
a8687791-a50f-402c-b32e-3d532977db17,Piotr Szott,1977-12-07 00:00:00,2024-07-24 00:00:00
a7173793-7ff7-4106-adf5-ebd00dcc03e2,pani Tola Piłka,1981-07-27 00:00:00,2010-10-16 00:00:00
eab35e09-d9f2-472d-9042-2d3223d32d81,Marianna Kobak,1986-03-19 00:00:00,2000-02-20 00:00:00
a9cc6e34-cfe3-4e19-b37d-50fb64d1da55,pani Liwia Związek,1983-04-12 00:00:00,2002-12-14 00:00:00
af4d7e3b-e842-4e77-81f2-044eb8bdcee5,Jakub Piegza,1969-03-20 00:00:00,2019-04-22 00:00:00
74584451-f1bd-4c52-affc-28f8fa89c44a,pan Jeremi Franków,1988-06-08 00:00:00,2008-04-08 00:00:00
a4d105a2-4bc0-4dfc-9080-46b2a8a7c6d2,Kamil Miozga,1979-10-02 00:00:00,2011-01-29 00:00:00
4eef6433-bd5b-4895-b45a-4e61716af8df,Aleks Kocurek,1993-06-25 00:00:00,2001-08-01 00:00:00
3a124ff4-505f-467f-bc32-e58b5ccfa467,pan Aleks Kłysz,1987-05-23 00:00:00,2002-03-30 00:00:00
046924b2-b56d-4efb-b955-8421696bbb2b,Gabriel Matura,1967-04-09 00:00:00,2000-02-13 00:00:00
57d04a92-0c40-4ded-86d2-ffb0a69e98e0,Nela Lew,1991-02-05 00:00:00,2000-03-24 00:00:00
8d20756c-bafa-403d-a761-3831545b094a,Tomasz Kamieniarz,1986-10-11 00:00:00,2019-02-09 00:00:00
74dd8cef-002e-4a69-b536-cda14e713aa1,Jacek Białka,2002-10-25 00:00:00,2009-04-11 00:00:00
56dc1ab1-980f-4554-9356-7a3597852d44,pan Józef Dynak,1964-01-08 00:00:00,2004-10-04 00:00:00
6db02211-35be-401c-b773-e9c028b3c5cd,Franciszek Gruszczyk,1978-12-02 00:00:00,2010-04-15 00:00:00
596bda7e-fe54-45d9-93cb-6ace0d6cc580,Marcin Błażejak,1981-08-03 00:00:00,2001-03-04 00:00:00
f96bb733-2ec9-435e-b334-e7cc81dd8afa,pan Paweł Wiercigroch,1993-10-10 00:00:00,2014-01-13 00:00:00
4da80137-59e5-4d2f-94a2-d3bf7d954649,Eryk Janiszek,2002-09-01 00:00:00,2008-11-09 00:00:00
eebd0803-c5c9-4076-a451-942493de818c,Miłosz Brachaczek,1992-08-30 00:00:00,2005-12-26 00:00:00
897685b0-5f46-4312-ab88-3acef1b3e4ad,Maksymilian Gwizdek,1994-02-05 00:00:00,2009-06-27 00:00:00
a6a0216f-889f-4862-98ce-ed61b5a1ce3e,Sonia Hubert,1963-04-07 00:00:00,2023-12-07 00:00:00
e1608bfd-0fff-42dd-a0f3-ca9278d44bea,Sonia Fik,1969-06-10 00:00:00,2024-10-27 00:00:00
7fa595e6-bfd9-45cd-99dc-531c8887c170,pani Anastazja Hanc,1961-08-24 00:00:00,2008-12-18 00:00:00
43d9a422-6068-4296-ab4d-0ec1715aad0c,Norbert Dziuban,1960-03-12 00:00:00,2014-01-26 00:00:00
9900fb80-c66d-4d08-97f2-97d901af2901,pan Tymon Bałazy,1967-12-30 00:00:00,2010-07-02 00:00:00
9aa46cd6-147c-4d19-97f8-5790d47fbf51,Tadeusz Och,1996-07-24 00:00:00,2023-01-07 00:00:00
95ebbb30-5304-46f8-a948-493aee5ac6f5,Paweł Dorawa,1989-03-08 00:00:00,2005-01-19 00:00:00
3aaf9e86-ba00-40cd-8efa-9857d8908c76,Ksawery Szymanik,1979-05-16 00:00:00,2016-09-08 00:00:00
bc33fc8c-28b1-4b3d-a558-15032c5fc0ee,Oliwier Fojt,1992-11-30 00:00:00,2016-03-16 00:00:00
870fa029-e1a3-4f9a-866c-0757cba95e2a,pan Dariusz Wojsa,1997-02-13 00:00:00,2016-02-19 00:00:00
0c106031-17f9-4513-99ff-c6b2d937d0b3,Lidia Sztaba,1970-09-17 00:00:00,2020-05-07 00:00:00
08328e2f-602d-43a9-a7e9-f993285580d0,Kajetan Kopik,1984-04-25 00:00:00,2000-10-13 00:00:00
8125fccf-5338-4afa-a434-025f193cf66c,Fabian Szmaj,1994-03-06 00:00:00,2024-08-04 00:00:00
1eca72dc-f59d-4a41-9fe2-f742f9913114,Jacek Rohde,1979-10-21 00:00:00,2012-01-04 00:00:00
f3fc4125-a6b4-4444-9eec-b985453fbcd7,Albert Kazubek,1964-02-17 00:00:00,2011-07-25 00:00:00
2dc65305-fedf-4ca8-9634-82eddac4c296,Artur Kurpisz,1992-11-29 00:00:00,2015-12-15 00:00:00
c9d0e22d-bf64-4b96-9d76-f5dbf25ee95c,Ernest Cholewka,1981-08-05 00:00:00,2006-02-15 00:00:00
b725b65c-a124-4dd6-b347-18d927f7dca3,Krystyna Ruszel,2005-04-19 00:00:00,2022-06-30 00:00:00
8e7d703a-04f8-4789-bd12-2e42d03b0a92,Janina Leonowicz,1976-03-20 00:00:00,2018-12-19 00:00:00
c27c3431-fdf9-46ba-b68d-7f0c6ee2c455,Krystyna Pyszczek,1984-04-30 00:00:00,2002-11-10 00:00:00
1ecf297b-0cec-4b53-a684-15e6610f7d70,Tymon Lisik,1960-02-18 00:00:00,2017-09-30 00:00:00
5d2da4a8-4dc5-4460-90f6-3a758ee10385,Tobiasz Dziugieł,2002-02-26 00:00:00,2000-02-04 00:00:00
41cacbf2-7b9d-48fa-af16-2bbbdb04d411,Witold Job,1985-03-28 00:00:00,2017-10-25 00:00:00
93d0fde7-f920-4b3e-a692-7dba75750053,Gaja Lemke,1965-12-29 00:00:00,2014-01-01 00:00:00
033ecec0-b2b7-4c16-9da4-978903a13742,Aleks Sych,1983-07-10 00:00:00,2019-12-21 00:00:00
5cff8c9d-b8ed-42c8-976c-853f99516a94,pan Artur Markiel,1998-12-27 00:00:00,2021-02-01 00:00:00
9605cacf-6076-4ea8-8217-6c101349e356,Cyprian Materka,1983-08-27 00:00:00,2015-07-21 00:00:00
0a1d73f9-a6df-4297-91d5-2bf6e5f000be,pan Rafał Martynowicz,1998-10-21 00:00:00,2013-11-09 00:00:00
cfc75142-1646-4e7c-a59e-e21ba86dd633,pan Jeremi Maron,1969-01-30 00:00:00,2023-03-04 00:00:00
96177038-5608-4e11-9e0f-9241a5188109,Klara Durlik,1993-09-21 00:00:00,2002-01-09 00:00:00
46345411-65d9-429c-88f4-e8896f34e57e,Piotr Zmyślony,1997-11-24 00:00:00,2011-03-25 00:00:00
c2abd4b3-9faf-4397-8b14-fd8dbaa4cce1,Kamil Weremczuk,1992-03-20 00:00:00,2019-04-07 00:00:00
