employee_id,return_id
8240b523-073c-4985-b584-1c282ddae80c,ef0e0380-5a02-4ff2-b7b6-1190d3a866ac
8b751b57-4222-4f4c-93b0-a5823afd3323,0ea5df26-2050-429d-b418-4d9f16d9b627
1e727e62-59b9-40f7-aebd-caddf46533be,b76e5970-fc99-446a-9ce5-4d3664a3bd65
ea816456-5f7c-4752-b329-a8cd9ae04a51,29211112-d7aa-43c7-820c-0401e695b1e0
ae536530-ba5a-42ab-b6fe-c26bbd6d8460,ca22bed0-e7b5-4875-9620-5bec441b1214
de3f3606-f059-4f17-9a3f-12355b5e50de,161a13bf-8484-4f43-ac2f-f38bb679fd96
bb39bbf7-e520-427c-9ca2-7b7a36821be6,db9aefee-49ce-4060-9761-bdd98afd24d6
04081507-258a-46e9-b021-bdfdbbc2d900,04c7970f-f3e8-413d-8fd2-82c88eb86efd
3aa10a12-f544-4c29-ad99-09d58adf1d7f,ecc0c476-50d8-45ef-8fb6-bf63720e1004
59c667ae-2431-4603-8eea-dcf50e7fa87a,e4f4d6c7-7959-40d9-8dc1-4357c94f3a66
466e8d48-e482-4e16-a194-f523cf9b7dae,7a079d56-3419-45df-9694-a41c474d8434
f2a895b6-862b-45cc-99a7-8df2ce1fcafe,ad41fa2f-3bbf-40d3-b208-dbc7e1e21f4e
c27c3431-fdf9-46ba-b68d-7f0c6ee2c455,a320a30b-7df2-46fe-8127-18b72e3b5ce7
57e399ff-fcda-4f99-b9c7-30aa5beb1ba0,92604551-2e7e-497d-9269-2174b9ebfba2
44cc15c2-5d07-4e79-9069-62f1b8fcaee7,fc907412-5ad3-44fb-b7c3-f1e436bde729
c377c359-c6e8-480d-89a8-e06350bf6bc4,969d93a8-2d62-4146-afc1-2c3e079ffb32
6170b6bd-2e72-470b-a2ac-9213fe5385da,eeffb620-e845-48c3-b394-0f9ac69e3b1a
3e89a3d8-afdc-4ddc-8198-b6d2712e2eac,5eb5e236-86ab-4e36-b7ee-2114e126902f
872b05c1-48b0-4705-8201-16be09d59548,3e962070-d264-441a-ba48-edcdc6e8083b
658f7d43-b278-4b2c-a1ea-b96096a0434f,f96b8b9a-55cf-4074-becc-df0f39aae003
b46f55db-e60c-4f04-95df-55dfadc946c9,8c0080ef-d9dd-48cb-8200-d8ad40eaf833
19c36074-22ef-49b9-a0b4-7d4ff47e3cfd,890b9294-24e0-48f1-94f7-eae1ba52ffb8
1a35c8bb-d98c-4343-93c6-005cad556752,279bf2ac-8637-4dc2-9405-b3897f0c8772
e5b0d959-649c-46b2-b90e-e73a5fd488cd,8a130131-20ab-494a-ac95-adf162f3b123
312138da-0ff4-4ee3-bbcc-95938a25aebd,12e2e8a5-551d-4612-8413-199d1a3bf4ab
04081507-258a-46e9-b021-bdfdbbc2d900,f3b30c05-5ca6-4485-8437-ffc00057995c
cbf41b73-9c70-42bf-b47e-51dd8f47e87e,24f7852c-4089-4d32-9b7c-f511fad7ed22
bb19eca2-3733-4986-9721-a33a5dd5a9d5,3523738c-5f8d-44fe-8967-2e939baf641e
fda87186-8a88-4f0d-86c9-797693b5c048,f26c5238-f90f-4a97-b11f-d39a9edb57d4
fd24e8e8-3965-40e2-9ef8-f2d6df239081,2aab37a8-ea75-4dc9-af1a-89628191a941
046924b2-b56d-4efb-b955-8421696bbb2b,9cbfdfd3-cac2-428d-a52a-f3a49a471557
19d1ec37-5e62-48c4-8f92-0a61ef383ec1,7fd80002-8f3b-4064-93fa-f8c1054a67bf
c7868cf6-7f1b-48f6-95ea-b4ffcb97c827,11a592e4-17fc-42ba-8cd7-be4c514f424e
9e47b098-dd6a-4ee1-a5a7-3afece67a0a4,a03cbc87-f6ac-4552-9bb8-03f68ead4d01
436f3e68-642d-41db-acbb-227352d0bdff,0cb7b1a7-39f9-4fd4-8997-b6396e154748
4fd4dde2-3a1e-4abd-b6ca-9af9fb47aefe,0f81bde3-4926-4da2-91b4-bc0e1243a22c
f90991ac-bd30-4647-93d1-7e75be62e4a5,38c01ba0-cc5e-4da0-ae3a-8f1749524148
1d3d1a1d-a7a3-45e3-af09-7f0fdffc36b1,f99fa4ba-22a0-46f4-8691-e365a97b9b06
4ff7943b-fca8-4554-8a7f-48c791caca80,ce889a60-cd0c-451c-b989-24f08900dfc3
13ef8458-929a-4db7-a834-971ab2c33971,78f5ca2a-959b-4ce8-bfbe-01bd1e97d59a
a8687791-a50f-402c-b32e-3d532977db17,92f20dbb-6df2-479c-b5e0-bb1dd4250022
13d049d7-71ce-4ad8-ad64-f4a510e4a96d,6e0a0221-b9d4-4421-829d-fe33829a938e
8e7d703a-04f8-4789-bd12-2e42d03b0a92,fbed9f57-9cb4-49b7-9aef-e8629955cf4d
9df4d5b9-239d-4bfc-9d16-c0dc93e82013,1c2e0ff1-79e7-4e46-a10c-1503f1fb1e28
57d04a92-0c40-4ded-86d2-ffb0a69e98e0,128088f5-7d7b-4e34-81aa-62a25ab39be4
fd1ebc82-0f00-4d8f-8c1e-ed64536b68d2,07a6259c-948f-45b5-a2c2-908f8fffa981
a47f6bed-6098-4db7-9e4e-38eaae3e2a2b,a9c0d823-f3c8-4c61-93c5-da36cf4117af
37fcad1f-44d6-4b99-8e60-58c09f2ce039,8db2acfd-9545-447e-8baf-15e3c459e4a2
5e242122-bb64-48bf-8d1d-53b2b1253ea4,90f98630-953d-458d-9e45-38896b216df9
13ef8458-929a-4db7-a834-971ab2c33971,47d2d0c1-a78d-4c0a-b6e7-5740668f11ba
c32072aa-6db2-4459-aecd-531605cc7dd3,d70c8a27-c908-4689-a1d2-49bcf29a53e8
9900fb80-c66d-4d08-97f2-97d901af2901,a2c85107-e3ac-45b8-8e3d-b02cb6a2799e
3be77935-acb8-4619-9654-ca543e7ee414,a5fc512d-e41e-4129-a3f8-38262ddf68ff
8f9e6d73-1746-4921-bf98-f4327c5062a3,92c5d0a1-79db-449b-86a1-af2f34ff2720
f844713d-ce61-4545-acfa-6a0b56e0e15e,47c46304-5b09-4154-9c9d-1cca61918564
4ed3aace-0e7b-4a40-bbb2-8294756d0fa4,3397b791-390b-4d40-96cc-74046def94fa
3e89a3d8-afdc-4ddc-8198-b6d2712e2eac,35635fef-728a-4b9b-9427-19783c17fef4
bb7f6833-b22b-47f7-b2b8-8aee335a5564,8bf9cfcd-5f8b-4fb3-847d-1a05cdd14bf8
a5c35b84-a0c1-4b23-ab6d-60ab8b1ae967,ec66e077-5687-48ca-8312-903aab172d49
16d2cc35-a79a-4829-b063-6d0ffbd19f3d,71741acc-9d37-43fc-8f72-9177ad30dcfb
35712310-193c-4f65-9281-296cdb7a850d,9dd3abfb-0a89-466c-92f9-447d8f81faf1
9900fb80-c66d-4d08-97f2-97d901af2901,53d531b4-ed81-4a1f-968b-41b16339157c
335dac00-13a4-4274-8889-7b2910fc2a6c,e77ee8cc-7b14-40bd-bb94-9911a364eff2
034aa32b-9a35-40fc-afa7-59dab4dd07c9,d7751413-a32b-4cc4-806a-51205b60fc3c
1b838a3e-f178-4993-a9ad-87a5d11f1833,d2c4dd79-dc79-47d6-846f-b2d50bd6c2f3
19d1ec37-5e62-48c4-8f92-0a61ef383ec1,91bc89d6-dd44-4135-9b5c-f46fa27a25c9
c895751f-c38d-4c5e-9e0c-ce4594a1a5ec,5eec8c4d-59b1-45d3-ad80-75a6f6a6961e
1944691b-b7a6-4a26-b415-f599814e41b1,4449457f-c878-4920-93e5-ba17ce5a7b0c
39419dfb-423c-4499-8ed8-27569570230c,86a1ecd9-131e-47f9-b63c-e8626d3ffd8c
ff501df1-6b7f-4d54-837a-eb7352b4a088,b8b43446-4ebd-4b53-8cb7-743cb02cd558
436f3e68-642d-41db-acbb-227352d0bdff,f750d3e6-3851-47dc-97de-e368f48f0212
463c5a3e-80b9-4379-b006-ad6b8be52c49,b722ac70-e90c-417b-b442-2c2e973ba9b7
2cf5f70f-1978-47fa-8251-15772b6067d0,ec18547d-da59-4604-ae6e-bf745ca69af6
1e727e62-59b9-40f7-aebd-caddf46533be,c0c59597-1132-435c-96f0-27d146e3cd07
7d014231-1d4f-4786-8896-00c127de91c3,91fe2747-d793-421f-86ec-d1719aaf7a59
8bc605b6-1f6e-4555-a141-9bd8763a2c5a,c4f22b04-f592-435a-9b9a-e8e765962104
7d879cd3-5854-443e-b014-e2815006be49,125c533b-34fc-4784-ab39-90f3bb55beed
91e2082b-3a1e-42af-9090-ef8209282dfd,4e45e833-ca83-443e-8b9c-ecd86546343a
342ba26a-d5b7-4386-bee7-7b25966a3b56,5cca80db-de00-494d-90c6-c02fbb15ecbe
4a2c208e-8420-48a5-86b4-835d0e4053ec,d59f40e2-438b-4149-810b-f53c32a8f5fa
7853287c-1569-45a7-bbe5-6ee0c4f94da7,d69db952-5d38-4006-83df-c539f2f6c3a1
34ddf0ee-cc32-40ce-bb7f-e4be1afa6e20,4c36af82-b0ce-4c24-8b93-391b518bdd72
2dc65305-fedf-4ca8-9634-82eddac4c296,abf9935f-0eea-4df7-b08e-d422fdd3c2c0
ebd45c64-3004-47bf-8d43-2760ff3fddd5,1e0b673c-80d2-478b-8037-f353225fbe81
22fe1440-b557-4d52-bca3-157ba6ebc556,23e6c567-1446-44b3-b4fc-242028fc64c5
7853287c-1569-45a7-bbe5-6ee0c4f94da7,31aa0bd7-f231-4cc4-a8d5-f5c258e6dff2
3d0a32d1-333c-4dbf-9491-d929f098c61a,145c6ca4-28b2-42d6-956e-7a3201f31bc0
3e89a3d8-afdc-4ddc-8198-b6d2712e2eac,5db4cf80-41bd-4fe6-b18f-268ff0203935
77be31da-b4c3-4022-b277-583e7a3940f0,6f1f02b4-c652-47bf-b160-7a20d82b9c38
cd5d0dc1-a4ee-4e28-8894-f49ba976c4f1,fda66622-607d-427b-9a7e-15214a759314
5e242122-bb64-48bf-8d1d-53b2b1253ea4,c9728f01-c214-44f2-96ed-f9314803fc40
4f73b89b-e8c2-4f9c-b7d3-802d416a09ff,2a90900a-a5ec-46d1-9520-7f92c9af4535
ca779e9d-f9e2-49f8-a686-b0e33f456427,e0724f6d-77e5-4db1-af98-b737fccd3c7c
b08695bd-10ed-49ee-8c25-f071f9bfa17c,ce6c5002-255b-4ab4-a6a5-2cea10cbb180
2a26bdf9-891e-4f82-8400-06cc9263c810,f76b010c-f87a-40ad-a2d7-3751b1d2821e
2dc65305-fedf-4ca8-9634-82eddac4c296,c4b9be9a-d096-4cc5-b997-71ccd3e61a9d
74584451-f1bd-4c52-affc-28f8fa89c44a,8b244463-59d8-4db4-a480-92997ba3e392
8cebb369-1d38-4e6e-b038-40a815461af0,704d3e6f-a750-496d-99ba-f71697083c79
f665fa01-1af4-4fdb-8118-be08479d4b21,ebfbda4c-67e1-4dd4-b1af-1f0e81fde367
4fd4dde2-3a1e-4abd-b6ca-9af9fb47aefe,ef240896-2bbd-4b70-86b6-43813bb7b2d0
55098b95-1e6b-44ca-a67d-ceb7205e9e1c,0672b98c-a996-4ed1-bc73-581aa17a90de
3ac96198-5195-4c1d-a8ef-e026c52b032e,a54a5336-4cc3-40b6-9b32-00eea915d56a
532637ad-e24b-4ea9-af56-3d0036678004,81b37933-f31b-4269-937c-54109c6928cf
8741ce33-b005-435f-894b-f3424e62666f,d37d0720-72e9-4169-826a-5d22ec9634d7
1b838a3e-f178-4993-a9ad-87a5d11f1833,cec06a02-e2c4-4d03-b2f5-e7f3c13dc96f
d1cc8ad0-c66e-4a94-b28b-dd024a2e521d,66a6addf-a1b9-483e-99e3-a990c466479a
c7046b10-5dd7-40f9-b9d4-2b11fd95ba21,01ffe5e2-b8f4-4a7d-9db3-4693d3bffd2c
77c1f118-c41e-44c3-873b-85e3925888cb,f398916c-ee17-498a-a7e3-f068f1d7f25e
d0aa6052-9c1f-4bf6-b13f-611c6f6bbd02,06edfc1f-3ee1-4c3f-b9a1-1657abf9b57b
ea816456-5f7c-4752-b329-a8cd9ae04a51,2e16c254-b7ec-4e57-aebd-fd6e25f6b5b8
55098b95-1e6b-44ca-a67d-ceb7205e9e1c,804787b8-b3c5-4272-b38a-249e6c1458d6
8ef1b2c6-176f-4502-b47f-1d64ff779f4a,f8758012-2931-454a-bbf5-7f2ffab96637
d7acd70f-e345-41bd-996f-9cd4ca50b34f,b3d688b1-2359-43a6-8486-f4ade417278f
1c7ef984-975a-4839-b50e-2ca56e3f3c6d,130cbf39-330c-4d95-baea-374be22dde17
e4645c70-d16a-4cd8-bec3-4c2e914a2de7,3d08edbc-0a7a-4e5d-871a-779f51831310
251666b8-8418-4bdb-9a83-b0bc11e3f81b,6fc42845-1fce-4ef7-a2a3-d217fd9c546f
3dfb60cc-c1f8-4d6c-b29b-5f99cfbfad74,e381a38f-b75d-4db7-9deb-30756ded0b27
906bf4de-355c-43bf-8e3e-3f719e4d8f01,ea1df280-e0ac-4c42-adcd-777ecfd9654f
f665fa01-1af4-4fdb-8118-be08479d4b21,96fadc99-065e-488d-b01f-39fa2c609bed
3b07361f-ce2b-43a2-b879-b389f5a37484,53e453f8-e4a8-4b96-b636-83a0601cd72d
55098b95-1e6b-44ca-a67d-ceb7205e9e1c,40a7d3c9-6434-4217-a1d7-b56253834f9b
36ddd789-384b-4e18-97d7-57633b90531b,7d2fb7f4-60cd-4092-b7bb-cadb989364c8
d5e053b0-2e1e-4d3a-bbd3-6e471ecc0e78,c2c18cb1-4b76-4d17-8ea2-f5b9ef70b397
0e51461c-2879-4a7d-a443-aa5eef717553,60f3c816-4245-4fd1-98e4-d8161f7e3202
a121f55f-2686-4c9e-a130-d112f586be7c,693f57f7-8a5d-495f-bbb6-f2e2d0550c66
f3fc4125-a6b4-4444-9eec-b985453fbcd7,119c43c0-951f-480d-9e55-fc702403bf8b
1e727e62-59b9-40f7-aebd-caddf46533be,037551be-b7dc-47cd-b9b9-1823e809f470
ea816456-5f7c-4752-b329-a8cd9ae04a51,dc93a3d2-9ea6-4512-928c-010132496287
596bda7e-fe54-45d9-93cb-6ace0d6cc580,12da7a3d-c810-4c75-a85c-b76ca48ff6c6
ee8754db-b4d1-4d50-b801-a7985b00a4a6,a353d2a3-5eb2-4b22-bc42-910d3bcd0034
5e242122-bb64-48bf-8d1d-53b2b1253ea4,884ca035-4b82-4ee0-9fe8-dd82b144b041
55098b95-1e6b-44ca-a67d-ceb7205e9e1c,c579fbad-53de-4c9e-8f40-c33bb5bfc2d4
629a899a-6f55-441d-9ec2-a617b986e943,930e9d67-db89-4a50-a4e8-f41edfde6e10
8240b523-073c-4985-b584-1c282ddae80c,60537e56-ac14-414f-a99d-2a385d6c7fc1
7de77c34-ec0e-40e6-b971-80f324d9009b,14656c3b-ec45-4ab7-bb91-54943507ffa1
8741ce33-b005-435f-894b-f3424e62666f,97c4a826-abfa-478b-a4f4-a929cf8f9d58
89d2e328-5547-41d4-9d3e-41834b5a8e4e,2d43c001-a5f9-43bb-a50d-d2dcad6a48eb
a5c35b84-a0c1-4b23-ab6d-60ab8b1ae967,2692a8bb-f647-4574-87df-6fcf7b9c232c
2a26bdf9-891e-4f82-8400-06cc9263c810,0bd09ff8-9519-4bd3-855a-5bfea58246f5
20bc9480-32f7-404d-bd55-faeeecd76cf4,c9102ff2-2b01-40bd-8d37-12ba7d7b065c
6050b07c-434c-4dcc-b8a2-8a920af3c871,41e6c19e-2cd7-4faf-a8e2-55cb09575bb7
37fcad1f-44d6-4b99-8e60-58c09f2ce039,c376c6f1-9c1f-4667-8c91-008f94012c28
4a630cea-a7bf-4da0-84b5-ceb7a4fdfa72,cfb1dcf6-ebf7-4333-ae20-e26eeaaf5844
09b612af-aacb-4536-bdfb-feca70cc1f95,6300fccb-e923-43bb-bccd-d3c7617f32d8
cbe216e9-d4ca-4e13-bb6b-0e5f7bdb26d4,d8c6e00a-ad02-4796-958d-4dea658c6faf
8e7d703a-04f8-4789-bd12-2e42d03b0a92,f5dbbdbc-eb14-43eb-9d43-a704aed1ec18
f13fd695-a9a6-4838-8dee-5b831eb6900e,4c37d1d4-4528-4c38-90b3-9cb6f56a45c9
3a6afb08-898e-41cd-b98b-b87967fd58f8,3a3ed9e3-5963-4f34-a11e-36dff7bca6fb
316b1908-572a-49eb-a029-25b59b01bfed,07008a7b-f6be-4e45-bc0b-513e5a361e25
923f7a1f-5a33-4a0b-a3f0-74a4a7ffc5c3,6cb3a397-4cff-474d-abaa-271501885900
0dd2728e-20c5-4f4a-b996-ce7d810883ec,180e5d09-b9c8-4d62-90f7-791eb7b5cf28
f25d810a-2e5a-4bdd-9602-3c05c75a55a4,71328ae4-bdb3-4c0d-b639-a87ab566c225
14e17a17-d6c6-4567-8157-86d5bebfdd79,c3967561-6052-41b9-98d4-7af5b75b55fc
88f7361e-accc-40b0-a6ae-db98d1ce3fb6,e6402809-0853-4947-a94f-59589170362b
658f7d43-b278-4b2c-a1ea-b96096a0434f,3706284f-35ee-4672-9db7-cca169897d12
d56a9f25-321c-495a-a737-90524bbbb4b5,8b31fead-9914-4ea2-8e36-900fc51245b0
9605cacf-6076-4ea8-8217-6c101349e356,a900c101-2dc4-4dc0-87ff-e26c0ef4ac22
af8b1ca7-9e09-4756-bf63-57a3275c3ef8,9661c63b-8ed9-4055-8c35-fc40f428b649
18bc6416-6e99-4456-a505-1ba951ce2a59,89bd576e-d014-4b5b-99e5-002ba0ef9c32
56d8c118-55bb-44cf-81f2-d981c0a4d82c,a3b1f526-1205-40fd-b93e-1b381ad5a8fc
eae1ead6-7509-4155-aa9d-51b673f27e1a,a3c4d69c-75d1-4c64-b523-7ea2148c85de
faec9b92-7b55-4af0-a2f9-40d3f414290b,360b74d3-de63-432d-b6fd-b6d503213da2
239d9311-285f-42a4-857b-d78a3f827b2f,c7e5d323-0777-4817-a879-c5a3a4cecebe
7d014231-1d4f-4786-8896-00c127de91c3,3672192a-11c1-4e5d-941e-981ca169869e
4f7f2719-af11-4ef1-af58-ca74437c5f4e,385e95ab-9fa0-483b-854c-2897e0dfb181
08328e2f-602d-43a9-a7e9-f993285580d0,1818bc8a-9eff-4ca9-9b4b-3d359f6a25fd
36ddd789-384b-4e18-97d7-57633b90531b,d126072b-f0c3-4c6c-8485-12df4bd83ac3
9b038ac9-54dd-4602-aeb1-0a8602597dde,fa1e2a61-2c2a-48b3-b037-36a157349a4f
9605cacf-6076-4ea8-8217-6c101349e356,496a3ecd-9de8-4469-8c6a-b176bb1c5802
005cfe59-d265-400f-bcf3-5e5fb10e4422,62d40046-f96f-4675-a45f-e81431ca9c1c
850b3a5e-3e6d-4913-aade-62256ed018c9,0ae7f04d-fd0f-4bd7-8254-2ffe5f442e58
fd6d8d6e-d577-4e27-adfc-e27c68ea3820,ff96b308-0bb2-4f03-915c-993a0cb60aef
3ed4d663-931f-4224-89a8-1ec396e8dbaf,0948ea29-8473-4cff-985d-87319a96f91b
61311f41-fc41-4f2a-bb59-7e4b34381461,4822c889-7a9d-452c-bfdf-9c86ed391a2a
98347e67-5f2d-4631-99e7-ffaeb9257e4b,ee9f3fb9-86c9-4d23-a744-c93bd678c0c6
9bd77950-71d0-4cad-af72-6e6e5c92fce0,b09ef67d-8f1a-4e82-95b2-a35c69841ff9
c895751f-c38d-4c5e-9e0c-ce4594a1a5ec,9f94560c-2c50-44d8-8c24-420d1f2852fb
fc57dc3e-5b61-4fd8-86db-dddad050844f,bf6227f9-0641-4328-9f48-1b8da055b54e
91e2082b-3a1e-42af-9090-ef8209282dfd,90f97dc3-3adb-4b71-bb29-93f0dbb5ac51
0e51461c-2879-4a7d-a443-aa5eef717553,cbb9f2c3-1ef2-4dc2-b4b5-b8aab27cf808
1b838a3e-f178-4993-a9ad-87a5d11f1833,a4677431-2e12-45d3-9d95-27333adbe1d3
463c5a3e-80b9-4379-b006-ad6b8be52c49,c8fcdbb3-d4c9-445e-9db2-eea77319ea3b
870fa029-e1a3-4f9a-866c-0757cba95e2a,63fc3575-56ea-4690-b359-a7c74c6cda34
4378b821-386a-4ea0-9501-9902f25dcbfc,4a0cfa09-ba4f-4c9e-936b-69d18a2a3088
4da80137-59e5-4d2f-94a2-d3bf7d954649,c0af789d-6e09-4e23-897c-712ce976e7a9
61311f41-fc41-4f2a-bb59-7e4b34381461,68e7765e-18a0-4eef-91c5-989864853bcb
fd1ebc82-0f00-4d8f-8c1e-ed64536b68d2,c5fea94a-09d6-42bd-b09c-c77b50dc23a5
b96046fc-e18b-4ffc-8066-37e716c84868,68dd5075-2cf4-4b56-8194-7a5b179eef2d
9e47b098-dd6a-4ee1-a5a7-3afece67a0a4,3308caba-f420-459a-a6a4-4932a579d421
eac5860a-e5ba-489f-b92d-ada4abc833e1,f959d9b9-c6b6-4a2f-b0b9-146158724290
a71e77f6-7a33-4446-a6c3-cef70b83ec23,bcb6b4cf-1558-4460-8299-ee81f7c0db33
901bc1a9-2e9d-4e49-86e5-2801a3ef99a1,a499c9e1-c0eb-4806-bbbf-758fd6d51c04
b725b65c-a124-4dd6-b347-18d927f7dca3,af88115c-70e4-4d27-b946-9421a10205b1
7fa595e6-bfd9-45cd-99dc-531c8887c170,cb4d9b35-d9f9-4074-a1c6-937beb70f33b
1072063c-69d8-4058-b0e6-68f8aa0d46ab,e2d88d68-5751-40f0-84d5-17d2b7e4602b
7850f46c-b35c-4395-a41a-d8284642890a,7ff14609-18e4-4249-8441-6ca67cbbf2c4
c2abd4b3-9faf-4397-8b14-fd8dbaa4cce1,ede5c116-7a15-4ca6-ba8d-67440eb14edf
1f130f8e-0553-4661-8fa4-e576d03d93d7,8cc2e70d-ef6d-4d15-a189-46e0c111254f
c1bc7170-5b5c-4766-9804-247410b1af00,7d16e246-8de1-4d60-ad56-c633286372a6
046924b2-b56d-4efb-b955-8421696bbb2b,86211542-3801-4b67-8ce6-eb9a45473ed8
de3f3606-f059-4f17-9a3f-12355b5e50de,f3dbed4a-933f-4977-a425-930e18d6f349
532637ad-e24b-4ea9-af56-3d0036678004,25e35939-a4c6-404b-ac3b-a9494882306c
466e8d48-e482-4e16-a194-f523cf9b7dae,be9f0950-d9e6-4d15-9c5e-a26d06fe0975
cbe216e9-d4ca-4e13-bb6b-0e5f7bdb26d4,b6b17328-74c1-454e-acd1-0bd9f137f5ff
51378e61-c426-4581-ab52-5f9eea11b3be,d702b369-4132-4aee-be3f-e278e575e82c
76ca7d11-5ba0-40a7-9442-144975c37241,07cb1346-4f58-4592-88ea-6ec79c054c79
39419dfb-423c-4499-8ed8-27569570230c,53fc9969-5f77-48a8-bb6a-d8560716212b
42174fe0-0dc4-4317-b369-ea7b538302ff,5dda916b-20a1-4a53-a068-aca6d6b3cc66
ede79c98-f312-4fbf-8320-91818e911fce,b8cd9568-3809-49c5-a546-9c3a5e0a876e
d426854d-ffca-4403-99c3-cbaafc621d58,e5b84666-2b82-497e-b264-3ccfa033dd1a
7d014231-1d4f-4786-8896-00c127de91c3,1ad4ae34-de3a-4757-ad1f-bac1e06bfc69
7f8a3e92-f4da-461e-8d82-7ab2feb19b5b,3b2a6b29-b314-4386-adae-ebdc1585199a
77be31da-b4c3-4022-b277-583e7a3940f0,5129dd3e-b599-4737-aa97-454a7e0c48c3
cd5d0dc1-a4ee-4e28-8894-f49ba976c4f1,fcffc022-a0b0-4695-b922-2d1c75696598
2a26bdf9-891e-4f82-8400-06cc9263c810,0af2756d-38db-48e9-86bf-8ca9b0c66965
b2e65ae9-111f-4169-811d-1e4c97848a95,056ca9ac-f5be-46c6-b435-0006dada53d7
793066f4-cbd3-4b8a-a54f-f1e1a13e9775,4c4aa64e-7a2f-46b5-b1da-9dfbef7dba33
ee8754db-b4d1-4d50-b801-a7985b00a4a6,2fa3f900-34a7-45c4-b928-207c72ede50b
f81e8eef-5cb9-43fa-baeb-2fc164edf745,6d879630-7e50-47f2-92af-93ca50a8faba
98347e67-5f2d-4631-99e7-ffaeb9257e4b,cc661ffa-f257-4f40-a8fa-8501a17b2672
8f9e6d73-1746-4921-bf98-f4327c5062a3,46b4f9a8-e2b8-46de-b845-f5ea3d9e2736
4ececf46-c314-4332-b924-2317f5fa33c3,d82a0586-6a1b-423e-949b-c49238cf2397
3ac96198-5195-4c1d-a8ef-e026c52b032e,b95a66a7-cf24-4143-9ba8-83b85836b603
3a65ac5d-9001-4ba3-8972-410009044ecd,1f199573-54e2-4b44-acdd-653ce60045a4
ee8754db-b4d1-4d50-b801-a7985b00a4a6,3dccae4f-7bed-4bc0-ad40-d1e7df75fccd
1e727e62-59b9-40f7-aebd-caddf46533be,a955d2a1-418b-4d88-9829-e5c30aaa3dbf
80ccae06-3267-4e70-b560-d4044326f6bb,a1ac2ed8-b065-4155-b850-2f1a12db94a6
f7919e57-b8c4-4863-b87b-7ae311cefa52,eae6dd1d-0bf2-484e-bbf4-66528d7baaf3
ae319f46-fa37-4060-8328-223cd8fa7ea4,8063ef16-7af6-4525-a9e9-c743a142c967
09e92c71-b8db-40c7-ae09-fcdaed90dba0,d5b63ea8-f646-47cb-91c3-fc9070810caf
44527572-a791-435f-a194-172587a0e196,d7f4af02-50ae-4b29-887b-be3adbe47673
1eca72dc-f59d-4a41-9fe2-f742f9913114,5762258a-f077-4efe-bd1b-ec0f975ada68
7d014231-1d4f-4786-8896-00c127de91c3,b83e3137-7b85-4650-8798-c8ffcf165259
2651660e-443a-44e4-ad82-43955a5183bc,47807371-8a18-43ae-884d-58f0f809aaff
d30e4dca-cf0e-4ec5-a725-c8e28aba7913,b6db61a6-1341-467d-bee1-b090bafc2323
8283eac0-16ff-495e-9ee6-6fbf2a8f0332,924b2ef9-6c43-49ab-a0f9-8cef7884ef07
51378e61-c426-4581-ab52-5f9eea11b3be,6ba16ebc-c93f-48f0-a457-e6e657eba510
63e88458-91af-4808-bdf0-89195548827b,350b8581-5125-429c-9274-e5f7a29bd0a7
cd6d01e7-b691-4c22-9006-64482d5939fd,e427eae8-5337-4d7f-8111-bc6eafccac86
99595e92-6c09-4ff6-8316-312145786dd1,12808c6d-2236-4f75-b8e1-6136a1d8b7a8
8f9e6d73-1746-4921-bf98-f4327c5062a3,79613ea0-7ee2-4656-9508-7083c1ae54ec
5011c2c2-688a-428a-9f4b-1093feee1acc,9be94eb8-02e9-4673-937e-26aed90ac324
2dc65305-fedf-4ca8-9634-82eddac4c296,6dd7aa47-30dd-4985-a98f-1dfe08450b1c
1ecf297b-0cec-4b53-a684-15e6610f7d70,90d2a368-2fa9-41d0-9877-0a7cd44ae000
ca779e9d-f9e2-49f8-a686-b0e33f456427,89c8d66c-193d-40ef-a11e-86bc91f477fb
a121f55f-2686-4c9e-a130-d112f586be7c,124b8cb6-5573-4db7-ad06-013eb4a21029
24106344-054f-4235-a6cf-88e9d0890917,30a09dc7-baa7-45ca-971d-14b1aa9159a3
19c9940b-c8cf-4e9e-ba3f-1f6e0366e477,4f8194d5-c006-4ad8-b8e6-7c157c1da42e
83216af6-e6bd-481a-ab3e-2444132d23d0,719c0dde-ef87-4bcd-95b4-df11c60894ea
e3720fac-1b81-4b7a-8524-0b836e06fc51,78c884c2-b4ac-4816-a38f-f81fcd55410e
6170b6bd-2e72-470b-a2ac-9213fe5385da,de2097a3-0ab3-404d-b366-15f2c1d9c89e
d56a9f25-321c-495a-a737-90524bbbb4b5,587f902d-5c3b-4b09-bbb0-c54936bebaf6
9b10877c-a93f-43c5-bd8d-8aaca3d1418f,7c5aa867-b0fe-4da4-96bf-99855129a9f7
8d706f85-7272-49d3-9ad5-14e1fceccb48,eb697e64-462e-41fe-8d03-fe69757efc92
17c622ac-9a92-4c45-ae8c-95aefc36111a,7bd2231e-ece4-4524-95af-9232a781bad8
b56f8124-fce5-47f5-9510-f3c46108923e,20e9d089-b3e3-4cae-99cc-1f6dbd70979f
2a26bdf9-891e-4f82-8400-06cc9263c810,90e2ef0c-6b22-43a9-abb0-ca475621ad77
6ea3618c-5223-4d86-9a9c-cf7654a8cc9e,4397761f-d379-4c99-9911-55627efba9d5
eab35e09-d9f2-472d-9042-2d3223d32d81,c9f538b2-950f-4198-9b56-493cefccb690
870fa029-e1a3-4f9a-866c-0757cba95e2a,137787fa-3707-430c-8a11-d20876818352
8556750a-69f2-4c9f-9ea7-09b588b165ed,0adb95de-2d9f-4bdf-b534-5be88bee7ef7
316b1908-572a-49eb-a029-25b59b01bfed,f7211346-d5b4-4e6b-b2ee-66d5dc659290
c62dd829-1d34-4264-974e-b4f0d52a46b6,3d104093-b7b7-4aac-a575-891451a5c407
c4b1c3fb-5013-410b-afa2-d48c6fcdf415,bc437a0d-e4e8-467f-b9bf-4d0db9ed3209
1c9453f1-919d-42fb-83cc-535401af3d58,e55822c5-8262-40fd-8d74-a3692a7024ea
4f48d82c-0665-4890-b35b-02ef88aa52dc,a003f7d0-7a09-42f9-88b9-c2ec09b12adc
b7ac7560-74be-4512-816e-bea0941215bb,c3f37139-b5e0-446d-a142-27b63dcacb59
90578af0-d076-4bec-afce-973db537b3ef,31d7db32-2578-42e1-8fd8-c9c61754809a
6182689f-1861-418f-9b7b-6bf5d4f4b185,82169436-22ad-4c5e-acae-ccd4c3493f33
4b82ea8d-3f64-4531-b7b0-a83dadc77842,ef053804-01f3-4581-bbff-fe8f528dca4d
47732a3c-f8a2-48a1-97f6-55bb3435cfe9,08397ce4-c6d9-4fac-8e68-71d71cfd2cc7
f273a504-adf1-4b34-925f-ee322a2d9d8a,9c1a5661-4fb3-4ea8-8062-95a529050aca
13ef8458-929a-4db7-a834-971ab2c33971,dfbf19e1-8b6f-464a-9eea-b3289b5c125e
d4c2aeca-32b8-4d2a-9b25-feeea195ad00,728b6a66-3ab5-41cc-bacb-f6034a3a0324
68d640b0-1ce2-4a0c-9f58-d76849f79fbb,ac3128e0-7812-4682-8108-68a207c6ef15
4242b094-2491-4e93-b23d-bd240ecde51f,48cf1c13-d7d5-4960-8d26-0cdeb7c2b4b1
1d3d1a1d-a7a3-45e3-af09-7f0fdffc36b1,19f0468b-434b-4d12-b689-e4cf06d478a7
fd6d8d6e-d577-4e27-adfc-e27c68ea3820,4f720a3a-3c72-46d9-add9-938a25157266
d1cc8ad0-c66e-4a94-b28b-dd024a2e521d,d3e538aa-6084-4c79-8161-aa7c48c1a09e
5364aa19-2057-407b-8f43-df76b668c715,a816e6e7-3969-405d-a73b-28634c944fb5
58845c85-9a3e-4350-9a49-43419312b846,9cffa0c2-d642-4eab-a92c-22aed7836de4
4a630cea-a7bf-4da0-84b5-ceb7a4fdfa72,efb0d196-3522-42a2-b32d-56a53b208a16
eb0855b2-9f06-4860-9937-66c534dd8bfe,3625eb8a-0168-48e1-91fe-b88bc81699e2
ec21538d-683c-4df8-99b7-6443a30784a8,d40918e2-2b0d-4ce2-9374-8dc5d7b8dcc2
36ddd789-384b-4e18-97d7-57633b90531b,4305b215-616b-438e-bfbe-679636684b18
9bd4f3f0-8c26-404c-a6ee-828c554e4a2f,1756e786-9ec1-4a4d-b5d7-8436536a1723
de9b06be-3dbe-4015-9f86-97701fde6bdf,7a30e1ea-1a49-461e-91a9-d588a34f24d9
58d4bef3-4ff8-49bd-9187-b402d55bbe49,23e31eb8-4ce5-4d91-9b87-1d2907fd8627
08e2526b-bf07-4120-b33c-80016c5615d9,119d9f51-2fb4-45a5-89fb-bcb93ec31bda
c8074e94-6e65-475b-af33-3d46715a188a,69ba5234-d33a-4c72-a7cf-6285fbecff4a
f59047df-097b-45d7-bda5-3146a8fb2cfa,edcdc59c-c77b-423a-b55e-da9853002845
8d706f85-7272-49d3-9ad5-14e1fceccb48,261be7cd-08f8-4625-a5c3-e74763713798
466e8d48-e482-4e16-a194-f523cf9b7dae,d4e36456-1acc-40a9-90b3-6dd82540c0b8
6170b6bd-2e72-470b-a2ac-9213fe5385da,9bcc2604-4507-4ce7-b270-ca2d32835e98
1a3739fa-e9ba-482f-855c-30bec78209f7,c58b3980-549d-411a-a68d-03c5dda80393
eccdc4eb-4127-4a3d-a713-91a9eefad998,f74fead2-2a17-468a-ba8f-cf2b31b86102
0a707147-ed4f-428d-af35-229a7607555d,a271ef29-07e5-41c8-9e93-42289b9ffe53
a121f55f-2686-4c9e-a130-d112f586be7c,38c66017-4808-41e5-8df0-9a02fdcab1de
8211ded7-762e-4c14-b229-20853cb10acb,7d703e46-5ee5-4c4e-ba6a-e6d36a79509c
f8496293-f50b-4ac2-ba6f-ad33180353b1,409986e0-7de9-4f1f-82b9-f4ff24fc8bbf
f90991ac-bd30-4647-93d1-7e75be62e4a5,0dd1dd7d-ef65-4e79-a6fa-cf6dc90221f4
19d1ec37-5e62-48c4-8f92-0a61ef383ec1,3a809e2c-a2dc-4a2f-be5b-21175ea1fc98
63e88458-91af-4808-bdf0-89195548827b,91de77be-8566-4f82-aaf1-3cb7414d09b6
57d04a92-0c40-4ded-86d2-ffb0a69e98e0,2e2e7fa3-7a5b-4e5a-8a77-f99fb6e3c5d9
6ea3618c-5223-4d86-9a9c-cf7654a8cc9e,e66506ed-85eb-4fa1-acb1-a530b9829034
898329fb-b9e3-4179-a76d-7c640e094a4e,d87c7ea4-61c4-4d11-8387-92c25e40e6f2
f25d810a-2e5a-4bdd-9602-3c05c75a55a4,74fc535b-ea3c-4a60-8ee1-cc3790033712
5f727f13-ceed-4054-827f-850ee4941c32,199afe32-49a5-4162-9fd7-c15bb3addd52
8ef1b2c6-176f-4502-b47f-1d64ff779f4a,2e6af366-838f-4aee-8091-093384a93987
39848c4f-b5ed-42d0-9b0f-0734667da391,3207bf87-6a9a-4855-a164-c22c39c2a04d
e2ba70c5-2b27-4bab-9145-4ee77a9f5d2f,7cb5fbc3-d42d-49cc-a990-8cb5774958dd
fed7b4e2-b43d-4e97-a4a8-8a1da5afdda5,243d6248-4612-41ae-8717-b100aaaf38d0
a53463ea-48e5-44b8-a455-7f02a1dccde3,fc5e0e8f-c4fb-4e19-ad5c-7b7fe81810dc
8e1d38b7-9ca9-43eb-991f-6fa00b681dea,f59047c4-20ee-4d9a-a2e5-a5579e44d819
4702b784-ec0f-4b05-b9ca-f7451b486b3d,15e61958-460a-417a-8bcf-b58b1acaef3e
ea81807e-06ff-4b10-9aa2-9adc692cc07f,f6d8d27a-4484-4b80-984d-85bb2b0c1e06
c1bc7170-5b5c-4766-9804-247410b1af00,e1d70723-2599-45e8-938e-cd3d5df68417
99595e92-6c09-4ff6-8316-312145786dd1,e6dcd4fc-aa08-4ee3-905a-df2c390f9a55
cf5c3621-c6fc-43c1-93f7-1b76a9d862e7,5010b2b8-9ab0-4b39-b140-caf19b0e7462
9b3e8380-2c9c-4d7d-99b4-e38dabc2bd2b,5a4cf97a-f982-4185-b2b4-64943457a0f4
d713c1ed-26b3-49e0-8c81-5539fa1fb1f1,da759081-c26f-4256-9668-de2a029f4bc9
8137ed4f-1fd2-4f27-bb73-3e90f3c6b47d,f194db5f-0a16-4ff2-8344-0f45f8bc9611
dc4c4d0f-96be-4b22-b1f3-76fbbda91efb,ba9078fe-13ad-45ae-9384-23d065b79235
f90991ac-bd30-4647-93d1-7e75be62e4a5,77b789f6-2768-4e91-b039-47f61acec7e5
e5b0d959-649c-46b2-b90e-e73a5fd488cd,55b69bd6-5c43-4948-894d-a1c96fce5a85
cb29fdcd-b967-4920-9e44-e271649032d5,7e3e4a1b-a8ce-4c38-a10c-7949099bff1b
bbecf890-8f09-4740-8653-f23b4c2e7009,84832448-4005-4e77-a4f2-fe6adc8ba539
b08695bd-10ed-49ee-8c25-f071f9bfa17c,201890ab-69ba-46d0-b985-82e2d62cbee9
eab35e09-d9f2-472d-9042-2d3223d32d81,f42f37b1-0e08-4b46-a711-7065d58e40f5
033ecec0-b2b7-4c16-9da4-978903a13742,151a9daf-636a-4c15-b62b-3c2efcb80292
1de49e6b-76dc-44b8-87b1-f0bae1b79979,174d71b3-cbdc-4a60-b31f-3fd85b141671
212f340a-e6bf-42c1-8460-4ec0fcbf12f5,f1c6aed1-1606-4a9c-827d-332dfaf82f64
ca898233-b49b-4e5a-a2e5-f7d33a5b1d2e,10092f25-5885-4470-80fb-5186c86b6616
238643af-090d-4825-a901-9f6bb9a7bada,e26c02b9-b706-4c0e-bc62-ddf7c7a98b82
3aa10a12-f544-4c29-ad99-09d58adf1d7f,49e385ce-07b8-45ed-a944-3dec6b5ebbc4
c9d0e22d-bf64-4b96-9d76-f5dbf25ee95c,5485aa1d-340d-4447-a985-cd90ff0e6505
c84caff1-b0a7-4b34-962c-73edf006220b,469b96ba-e01f-4019-91e1-8d3d2f22d591
e02d7936-7305-4fd0-8a72-71d044ebe601,7a9d31f9-d839-481e-89a9-010cde693957
644f7390-2740-48f3-aa30-4f97d01e443f,7202dcbf-7ef5-4cbe-ad78-a84ef87d1697
b56f8124-fce5-47f5-9510-f3c46108923e,cf52418b-59a6-45a8-936d-e61e6a155e9e
64d8e2fd-3afb-4702-b0a9-8e111ec6952c,0b8f5cb9-88af-43fc-b7e4-cb5f02877040
463c5a3e-80b9-4379-b006-ad6b8be52c49,f4f2c74f-86b1-4d0d-bb8c-5bdf3b178c93
adb968c7-d67d-4331-bfee-c651d25c1251,74ce0d2b-8cc0-47b7-8099-55b03e407a68
41cacbf2-7b9d-48fa-af16-2bbbdb04d411,85015e11-f65b-49a3-bdfd-31642a7c08c0
44527572-a791-435f-a194-172587a0e196,080864d1-d115-43ff-a260-2b33f7732d8b
9aa46cd6-147c-4d19-97f8-5790d47fbf51,b733d6c0-3c32-4e4b-8b1a-bb0785f1d09d
a4126aa8-67a2-4234-95f8-c4f28f653ca6,c9100d85-f8d1-40ff-bd0f-b3739355c78f
21796907-3aaf-4953-af6a-8ca28036eca1,4badbcac-7c75-4e10-ab88-1f29c1242aba
640a1fab-c124-406e-bd3d-ea248f80dee3,38eabf94-9b80-4ec5-8ced-25a4c7743833
0b74e2fd-b4de-421d-acd5-2bbfce509066,c1edaf5b-d536-44a7-b5e2-2973e07b0502
93599e37-70eb-4961-8d3f-be10307e70fa,2b57f6a1-4744-4194-87a6-4fd536718de4
045f3400-fe84-47c1-92e8-44a13be569ae,241125db-df67-4fef-bc8d-6099f2c224ec
777f6e63-c985-4d90-803a-95bfe3adb15f,52296c7b-10ee-4db4-b971-d1f0bc48a68e
19c36074-22ef-49b9-a0b4-7d4ff47e3cfd,081c1aa8-1345-4825-a43e-6e790ef676b9
eac5860a-e5ba-489f-b92d-ada4abc833e1,04f0b159-8832-4f8c-9864-30b3e07803b6
8bc605b6-1f6e-4555-a141-9bd8763a2c5a,6a6613b8-d2b7-46b8-9f2d-956b65e068dc
18bc6416-6e99-4456-a505-1ba951ce2a59,b060974a-68bd-4fd5-9aa9-d4f60eabb4c0
7ad9ccda-f326-4ae3-b878-aefc5d006728,a83f7168-6963-477a-b616-1cee28f58d74
7ad9ccda-f326-4ae3-b878-aefc5d006728,ca74b022-730c-4ee7-8879-3d2ac7ee0871
c0ef85ef-9af9-4ef3-ba60-59fab244f2f4,1043392b-a83e-4625-9f1b-975b193f39d6
4f48d82c-0665-4890-b35b-02ef88aa52dc,0f516c8c-6c79-4688-804d-c16239ebdac7
8d20756c-bafa-403d-a761-3831545b094a,1bb14806-281f-480a-b002-b19e5bd32adb
4eef6433-bd5b-4895-b45a-4e61716af8df,22fbf15e-c71e-4bd3-b123-b0bd95961dd7
7336ec47-f9d2-4db3-9e09-0c79e7cec792,d46e8d77-2af0-4952-8be9-c2219b8bd5e1
68d640b0-1ce2-4a0c-9f58-d76849f79fbb,2a6ca326-a2b3-4016-b7c9-9156d8c9c298
72466568-d001-4854-aff6-a9db6c677733,fc3a9065-5ea5-4afa-a59f-1b9b96a70816
de9b06be-3dbe-4015-9f86-97701fde6bdf,09333c82-2e60-40d3-a4ca-8cc8084d9e64
ce335702-2526-43a4-84ed-50926f139259,431c397f-f96f-408b-baf7-5118c01f3202
9047a332-ec42-4a64-a818-e84baa0dcbfe,dec3dcd4-b0fc-4565-8adf-1448210d3c09
335dac00-13a4-4274-8889-7b2910fc2a6c,1608f949-d2db-4202-96eb-2f80fed4b77d
fc57dc3e-5b61-4fd8-86db-dddad050844f,75b6061d-4b98-4b2e-8e2d-5ac2cece1989
2967c86c-5c32-42aa-a5cf-d61fd76be9f0,2add9ee4-b30c-4a5a-aaa7-452f551d0511
43d9a422-6068-4296-ab4d-0ec1715aad0c,69d9dcf0-776f-4b58-a9c1-0acada1ebdfb
eb0855b2-9f06-4860-9937-66c534dd8bfe,c09b6447-b5cd-441a-9daa-e84e1317b46a
d30e4dca-cf0e-4ec5-a725-c8e28aba7913,2f11d417-5717-4b49-9d8f-7877e8514c59
238643af-090d-4825-a901-9f6bb9a7bada,f5a13e7e-4c1c-4473-a27b-a099a83f5c16
d7acd70f-e345-41bd-996f-9cd4ca50b34f,58af8da0-6e21-423e-a91c-6ba06e0a67d5
4ff7943b-fca8-4554-8a7f-48c791caca80,7137a9c9-b7ed-43c8-88b2-105cb8ed7a6b
eab35e09-d9f2-472d-9042-2d3223d32d81,f0256669-938b-47cd-b2d3-45bbf9616e90
5f727f13-ceed-4054-827f-850ee4941c32,496e7c1b-163f-407c-a3dd-18b472a37941
7336ec47-f9d2-4db3-9e09-0c79e7cec792,3bf9e866-afb8-4356-b154-78b04c36c711
ea816456-5f7c-4752-b329-a8cd9ae04a51,11ef9204-98e3-4b5b-9e60-b36603cf3168
8bc605b6-1f6e-4555-a141-9bd8763a2c5a,a721e64c-75f4-4ca6-a738-949ffc2fe78d
c6f83597-a0f6-45ae-8ad4-483cdbfdcc29,d0ca8832-d307-4a30-a59d-9300d4167da9
a98783a2-6309-4766-b3cb-cd283b5154f6,31e3835c-03ec-45e4-9f41-5a953c09d4bf
9b10877c-a93f-43c5-bd8d-8aaca3d1418f,77157731-f2d7-47cd-8ca4-2bb276102e46
5aea0cd8-c4e4-43f1-90a8-2d7f301adb6a,e79e1dbf-8cc2-407f-a5f1-07dda3f65d5e
627cd8e3-d28b-4a12-80da-de7625411cba,abd702d9-d55d-4cc5-b256-8344b9c73693
14dee9c3-e3d3-402a-ad2c-b78a24c2fd5a,f48771a4-ed97-421f-92d4-e05ca0c21302
e44fdc23-2ae7-4ddb-950c-9c248e03e7d4,44be4fc5-2a89-4f4e-9b51-2c4b1992f604
a8b3a73c-8f37-41a7-8de3-cee48ba6e9fc,16177f00-057f-4c17-9386-3fe50116ca21
3a124ff4-505f-467f-bc32-e58b5ccfa467,9eadf9ff-a1c7-40c7-8c69-fc6d554f42d6
ad84ac30-c777-4226-a86e-2f27233557d9,27699193-58cf-4470-97e2-ac73f3cb891b
20bc9480-32f7-404d-bd55-faeeecd76cf4,feae89f0-9651-453b-ac6c-58965910f882
74584451-f1bd-4c52-affc-28f8fa89c44a,b41bad1d-b2ee-43ca-bbc9-aeccdef3d8aa
c32072aa-6db2-4459-aecd-531605cc7dd3,d0edcf9b-86e0-4947-a2bf-4c1bf9fa98e2
fc57dc3e-5b61-4fd8-86db-dddad050844f,01806a54-892c-45f1-abe9-2f0e3d84e589
9aa46cd6-147c-4d19-97f8-5790d47fbf51,0b66b61c-599d-451a-a876-c9cf4e3199f0
50cc9afc-3561-407d-89ea-bdd8def3aa8a,b214d994-e8a2-428b-a639-68804aef3499
342ba26a-d5b7-4386-bee7-7b25966a3b56,682495c4-46a2-4659-90e3-533cb5e6f4d3
1f130f8e-0553-4661-8fa4-e576d03d93d7,e4f8bdd1-42f9-4c01-bde3-f8fa488de909
a28c0644-6aaa-4813-b31e-9dedca0ad15d,4f688b3e-e3ab-4e41-9e47-1426cdd2c79c
f96bb733-2ec9-435e-b334-e7cc81dd8afa,23187edf-2cf3-4ca3-bea6-c5b4a377c558
463c5a3e-80b9-4379-b006-ad6b8be52c49,4de3470f-18d8-4587-a3b6-2461c74705db
b96046fc-e18b-4ffc-8066-37e716c84868,e21e3bb9-b795-4ca8-9e93-5cba3af23a21
024b0c75-02c3-4736-9b8a-4fd6d123768c,e59f051c-8b1c-47cf-9c22-ac74c8edb07c
ea816456-5f7c-4752-b329-a8cd9ae04a51,1d19c5c9-6d26-43bc-94c7-eb3de37c4811
9e47b098-dd6a-4ee1-a5a7-3afece67a0a4,b5558450-2e02-4cd5-92f8-5a5e395b069a
9b10877c-a93f-43c5-bd8d-8aaca3d1418f,7adf511b-0dfc-4558-aa2c-a9fbbd8c9673
5aea0cd8-c4e4-43f1-90a8-2d7f301adb6a,82e0c6e3-7de9-460e-9687-6b130d0bba79
3968041b-5841-4bfe-aa9b-ccae204b63c4,9230680c-6d12-443e-afcf-cd03ad7a9c6f
7228ee64-d1c8-4bfd-8904-1e5e93cbb45e,c372b5bb-5cff-492b-8d7a-720d1f87fbc0
3aa10a12-f544-4c29-ad99-09d58adf1d7f,a7f5d230-292c-4b99-9b58-e28447e275df
19d1ec37-5e62-48c4-8f92-0a61ef383ec1,b70397ab-a547-4681-8536-78620fcb06f0
212f340a-e6bf-42c1-8460-4ec0fcbf12f5,ad5eb0ac-73b4-4e9b-a9fb-3000c83162b4
8125fccf-5338-4afa-a434-025f193cf66c,82c91123-57bb-49f7-9326-48f3e614315b
986dd8ba-1193-469c-992a-5fa115bb1f94,4cbe2991-7d83-43a9-b3e0-5d7e8cf28f2c
885b8865-615f-4b9c-a04a-0973b9ccfe66,86bd9cff-afb6-4964-ab5a-6186cd07caf3
ddeb823a-85ca-4e0b-bb75-cb9d50b81b2b,6dd2a33d-f89a-47c0-84e5-d1d179c901d2
cbbaf9c2-e130-4f68-93a3-d50b67387170,0fe46ad8-3608-4d3a-ae1a-1108ab7b3dc6
e30d3a28-8aa6-433c-ade3-2df26981d560,9809293f-8c75-4d27-a167-77ae13b681dc
39419dfb-423c-4499-8ed8-27569570230c,c506849f-f919-40a1-a9bf-94073c9d3fc7
4f7f2719-af11-4ef1-af58-ca74437c5f4e,9d63f854-5503-472f-bc86-58f461ed19ec
9495aa06-eea3-4f2a-9fb1-07a4d31deda2,7cf47854-cfd6-4a71-ae47-7f176778bc39
7ad9ccda-f326-4ae3-b878-aefc5d006728,6bc840ab-70db-4e43-b770-163eac3f35d0
4378b821-386a-4ea0-9501-9902f25dcbfc,7b49bc3d-77b4-46fd-8397-76ffbfe3faf1
1a35c8bb-d98c-4343-93c6-005cad556752,05acf120-3f34-43dd-9ce0-7b095e9976be
9047a332-ec42-4a64-a818-e84baa0dcbfe,eb379261-c7e9-4f8a-888c-5936bbf9299a
b90b31c6-286f-4210-bf40-09139def5979,7fee6c57-7d3a-4abc-acc2-132be8cbba7e
6b77ab1c-e4e5-4171-959e-b302193d6706,6ab4ce97-3007-4987-a7db-793e4b8f753d
627cd8e3-d28b-4a12-80da-de7625411cba,a240f8a3-e21f-4e1d-8107-b9272d873ced
945c59a0-a310-4760-87d7-0f8e8ae3185b,0bc619e0-18f2-4b9a-80f1-07e4040cc686
322fa87b-725b-4391-8d03-2bfe46074cd7,f741f24c-a14b-4946-8d99-4654d825b45e
1de49e6b-76dc-44b8-87b1-f0bae1b79979,1a6b2585-4d21-4240-9211-790f485ee212
e0b30ecb-ed83-4c5f-9861-44d29d426883,00e2554d-2872-49c0-a34b-3739a8ae0b48
212f340a-e6bf-42c1-8460-4ec0fcbf12f5,cd56f82e-b028-4608-a74d-723265d77448
a4d105a2-4bc0-4dfc-9080-46b2a8a7c6d2,2152f5d6-5b4a-4eac-aa75-66908a92cb2a
34ddf0ee-cc32-40ce-bb7f-e4be1afa6e20,6732b311-b22a-432f-8ed3-864847bd5c2c
ff501df1-6b7f-4d54-837a-eb7352b4a088,83c58c92-7e0a-4151-b658-ecb4f691ec3f
bb7f6833-b22b-47f7-b2b8-8aee335a5564,cc84f11f-b305-4149-8d27-ab11a470b633
4ff7943b-fca8-4554-8a7f-48c791caca80,55448702-7d69-4a32-8b08-e4145b5d06dd
13ef8458-929a-4db7-a834-971ab2c33971,bb3fdf2d-744f-4a91-bb4e-df0f11954238
1c9453f1-919d-42fb-83cc-535401af3d58,ab7aeee4-4258-4585-8c0c-b8be793c97f8
51378e61-c426-4581-ab52-5f9eea11b3be,199b3801-8fd8-4795-9758-66df54a98ff3
c9d0e22d-bf64-4b96-9d76-f5dbf25ee95c,b56f5989-5555-47f4-b22b-88b0ec36c396
034aa32b-9a35-40fc-afa7-59dab4dd07c9,04c73bb1-5ff1-436b-9230-54db3cdfbfb5
51378e61-c426-4581-ab52-5f9eea11b3be,5e97f8e3-f65f-4c2f-86b4-8620da7ad24d
ffcedb15-f3fa-4fa8-b856-6f45298de0c5,0c2f9fee-6208-4c45-9940-63771c4b696d
d56a9f25-321c-495a-a737-90524bbbb4b5,1dad09ce-2f3b-4db7-a816-cd0e28375588
dea2dfc5-3782-449b-b16e-14955b571fd1,5e5cc33d-25f7-4c13-b696-568fa774cb3b
5354e4e1-fc0f-47ce-bc93-ffbefecacb65,ce14a924-16cd-4697-922a-050804437602
98347e67-5f2d-4631-99e7-ffaeb9257e4b,1ec48251-560b-42e8-b3b7-4bf7cd936706
35712310-193c-4f65-9281-296cdb7a850d,0f2aa5d0-5761-4288-bfa7-4cba70698624
1563479f-1266-4239-8c3e-34a2f4ff5500,bb248d9f-9753-4364-9822-494f3385bc87
8f9e6d73-1746-4921-bf98-f4327c5062a3,f4aa8c4d-afc7-476a-981d-d817b7b463e8
39419dfb-423c-4499-8ed8-27569570230c,eba5cd8d-a97a-4cbc-b85f-f68e9b173020
7850f46c-b35c-4395-a41a-d8284642890a,b4b90a48-d326-48f4-932e-76b37be94c6e
b2e65ae9-111f-4169-811d-1e4c97848a95,d052c238-36f4-4502-b505-7389eb7a8136
9bd4f3f0-8c26-404c-a6ee-828c554e4a2f,079e4a0c-fcfd-4ca7-bba5-9d58f4d646c7
9a5a7cfe-fe66-42d3-aa61-9d612175d1d6,3ad2afcf-831d-4551-883e-83c344ca2e1d
47732a3c-f8a2-48a1-97f6-55bb3435cfe9,8c913ffd-5aea-4e37-b77c-34de933d7d24
4f5d32ea-bd2b-424e-b840-922209c73757,9d9a22f6-825d-420f-9ae9-7585d31a6739
6a481e9f-358c-4d77-b5d6-c714ca5ae485,4a75299d-4943-4b53-861c-0e9988bcee84
6182689f-1861-418f-9b7b-6bf5d4f4b185,c86840d6-2014-4975-ad65-09a988a55576
b96046fc-e18b-4ffc-8066-37e716c84868,41c523d5-e0ab-4f93-b13f-21ed651f9eb8
a2204679-a40f-45ab-a520-0b3e1b5fea78,2fee5d77-84b2-46a2-919e-00e13db47f06
55098b95-1e6b-44ca-a67d-ceb7205e9e1c,58ed8f70-8fa3-497b-8245-e58d777769a2
fccbef22-2cfc-4087-b265-86bda67d8bc9,f2cc457a-7d12-40e2-9ecb-d2942244b03f
862b8ff0-4007-4704-8ce1-682877c6a5dc,d1b03da8-82f0-40ef-b64d-d0aedc31f332
342ba26a-d5b7-4386-bee7-7b25966a3b56,30a3c09f-ceeb-4acf-9c10-b0ac8009fcc6
c4b1c3fb-5013-410b-afa2-d48c6fcdf415,714fc5ac-e0c5-4b66-9651-94b63332b591
09b612af-aacb-4536-bdfb-feca70cc1f95,12e2132a-be65-4cf0-bf90-fef4ff2cbd6d
627cd8e3-d28b-4a12-80da-de7625411cba,98a3b101-59fc-49d6-9d50-fc40e785556f
d426854d-ffca-4403-99c3-cbaafc621d58,4ffca0d4-1cc0-4273-8ee0-23669508a5b4
c69b2395-59eb-4d46-9b38-0cc647aa7070,eb83c345-0fb1-4f32-9cad-2889cd0eda6a
d4c2aeca-32b8-4d2a-9b25-feeea195ad00,1d87743e-adcb-4c5f-b327-01caef452ffd
034aa32b-9a35-40fc-afa7-59dab4dd07c9,2bfac28c-1494-4e57-9b57-6c042b7dbb02
d8ec8174-09be-422f-a439-71cad797ffc1,4ae5359e-5824-4fc7-bf1b-af3d679521c6
1ecf297b-0cec-4b53-a684-15e6610f7d70,5ed1dfc7-ba9f-4f76-ab7a-49b5627e4ecf
a5c35b84-a0c1-4b23-ab6d-60ab8b1ae967,59c35272-c81c-4055-9931-aa4b59822472
d4c2aeca-32b8-4d2a-9b25-feeea195ad00,3059114a-f543-4373-a7b9-2b5fa90eddc6
3e89a3d8-afdc-4ddc-8198-b6d2712e2eac,8ee571d7-c3e8-4b0c-b76f-ce263cfa21cc
40f83289-0872-4ed9-89dc-162f235c5850,2218f255-f8ca-4184-b934-61ff2fb4f6b1
3415a46d-3197-4516-84ae-8d3ec75a707b,1319b82d-d5da-4550-818f-a4ce2866b950
034aa32b-9a35-40fc-afa7-59dab4dd07c9,48eaf3f7-95b3-4fbb-861e-4d0ea402f010
875ab2ee-9639-40da-9da4-bd399e4a36d9,13725cb0-8b28-49cf-9cd3-369335ef36c6
c32072aa-6db2-4459-aecd-531605cc7dd3,b35703ed-fcd1-4676-9666-fafebf9c8bec
18bc6416-6e99-4456-a505-1ba951ce2a59,be6f3e84-627d-4d03-ab37-515250df80e7
09b612af-aacb-4536-bdfb-feca70cc1f95,40cce366-bfcb-41b1-a791-872042026227
956816ba-0e51-48d0-808b-a08e0da58fcf,3ee1b697-5968-4ea6-85ab-8cfccdbd1866
c7046b10-5dd7-40f9-b9d4-2b11fd95ba21,177054ea-324e-4fda-80cb-c68e49351ffe
dc7f6e03-7a69-409f-aef5-94fb050b787a,4c54e561-be9d-46f6-b5bc-650a71cbb2c7
dea2dfc5-3782-449b-b16e-14955b571fd1,5d06df3c-8860-436e-baa7-922aa2a735ff
005cfe59-d265-400f-bcf3-5e5fb10e4422,ac6e17c9-97ce-41b7-8264-fa6e33fe01f2
d0aa6052-9c1f-4bf6-b13f-611c6f6bbd02,44bef00a-1539-4543-9578-0e5bedb4ba48
179a15d4-e81b-4444-853d-1cabb16d065c,dee444b1-b8c6-4a91-8244-9ab15f724fca
fd6d8d6e-d577-4e27-adfc-e27c68ea3820,4ec2a771-f91d-453a-b69e-e0d3ac6b8382
bbecf890-8f09-4740-8653-f23b4c2e7009,be05a183-0786-4d16-9ab3-84bf041bafa7
99595e92-6c09-4ff6-8316-312145786dd1,de2ad54e-1429-4163-af3b-1540cf1a4ace
8a20f067-c003-42ee-9adb-bd81baeacd80,e613fd11-3a75-441f-ae30-757e6a50e21b
5009e9fe-c6af-4480-aae7-13d861049f4f,64292ab0-3281-4b92-a530-2f9bca428cab
4a2c208e-8420-48a5-86b4-835d0e4053ec,08512d26-2c20-4569-924a-35d6bcb8c872
51378e61-c426-4581-ab52-5f9eea11b3be,ad546e9b-d75a-4591-8221-abed807d97d2
cf5c3621-c6fc-43c1-93f7-1b76a9d862e7,8ffc8985-7834-4959-98de-6851fe8e484e
640a1fab-c124-406e-bd3d-ea248f80dee3,42ee5a92-9a10-4f0b-ad64-1482dd5c535e
ea816456-5f7c-4752-b329-a8cd9ae04a51,c1dd9703-16fe-469f-ba85-693f30391a2f
b7cc593b-d450-43b8-9006-f77c9046b22d,d7f73a78-db84-47d9-8ca0-a15fcd2d1271
a62f46ac-d8a3-47b6-bc16-1653ad1ea3ef,4e7e27e0-b1ac-4ecc-9718-c0aedbf0f08e
65765da9-a093-48c2-a3cf-40ca9daeec02,fb23635e-e490-4212-91ea-302f974e8ef8
6abec5d5-eafe-4b83-bbb3-942d7de57a93,e32f6f40-f252-47d6-8611-0ee9f22996ab
96177038-5608-4e11-9e0f-9241a5188109,e4178cfb-2c0b-4bef-8f1a-c0a1e3f295b6
2967c86c-5c32-42aa-a5cf-d61fd76be9f0,d8dcba17-f443-40f5-9edf-935b73f7d84c
8d20756c-bafa-403d-a761-3831545b094a,bff9310f-18d5-4073-8427-8b1382635073
38f7bae6-0fb3-4a15-ac7e-8ab9663fad2d,691d9e8c-0f01-4fd3-b36b-b9bd930f79d6
ffc1a9c2-e8ab-4bd8-8932-cc09a53b8d54,6be17aee-21e3-443c-ad7c-65a7483b57b3
b58330ba-5ebe-4db2-8d98-46f5599d27fc,927c99fb-b35c-495a-bb50-a787c87fd0a2
365700a7-1f2e-4f68-b76d-364dbbe45377,4280a5e5-2db6-4587-ab98-0b923b6e5f4b
5354e4e1-fc0f-47ce-bc93-ffbefecacb65,2ad466c2-c632-403e-9506-bf3896bc1c6e
f59047df-097b-45d7-bda5-3146a8fb2cfa,361f76af-4a91-4bf8-8db1-4bd283ad8eec
22ca4dae-d0e3-4b1b-b91e-d72e608881e9,8210f1ab-5467-45ab-8c36-eae2f9b4a196
1ecf297b-0cec-4b53-a684-15e6610f7d70,a575a311-9670-4a47-93a7-c1bebf8a6c9d
03058de8-296b-4cd4-a5f5-ee2fb87ffffe,52d7db68-6307-4e13-a8e1-53716d0a9d17
af8b1ca7-9e09-4756-bf63-57a3275c3ef8,dc0f8173-355e-4572-93d7-0fb4a87c8603
59f40e04-9097-49b3-9ec2-8cb167545052,36aa4553-3a89-43fe-80e3-85cba3191ebe
95f970b2-1c5a-4274-b4b1-e336fd5f4f4f,627f9cb1-081a-4901-8699-a726203313f8
e0b30ecb-ed83-4c5f-9861-44d29d426883,3a9832fe-49c1-4328-9c43-a6c004c1fa35
c0ef85ef-9af9-4ef3-ba60-59fab244f2f4,19e81f2c-f902-4af0-8a3d-a2e20bff44e4
4e90e516-1cb2-4a6b-acae-2202122e40a4,6816d9bc-d467-49c0-8aa1-b6118e519e16
98347e67-5f2d-4631-99e7-ffaeb9257e4b,776739de-c25f-473b-b0c3-37fab88b577e
8cebb369-1d38-4e6e-b038-40a815461af0,ab0fbd44-ffc0-49ca-9e6b-ade57bfb12f6
7d879cd3-5854-443e-b014-e2815006be49,608aa6bf-85fc-4b85-857e-d9a800df87f0
4702b784-ec0f-4b05-b9ca-f7451b486b3d,3458ffd7-5772-4154-9f16-970cb057fc62
d8d30fdc-c91e-4d50-9411-40df61b903d0,a2baa9f9-bb36-4949-9316-2a8bdc13b749
f59047df-097b-45d7-bda5-3146a8fb2cfa,963800e8-9144-4b03-843b-a8b322dd371a
5f727f13-ceed-4054-827f-850ee4941c32,8f04f2b8-bbfd-4008-9b21-30826b638ec3
1de49e6b-76dc-44b8-87b1-f0bae1b79979,73b784a2-7a85-422e-94ef-8b999cde7d0d
0d06a3f2-52c9-42ab-b615-88c8e301e92d,ccf02b6e-d4eb-4424-a766-b9c32d3d4ce6
c2abd4b3-9faf-4397-8b14-fd8dbaa4cce1,cd735c91-998f-4946-804f-e2a51d8d093b
f96bb733-2ec9-435e-b334-e7cc81dd8afa,65068233-71f1-42ef-b8fa-1008b229aea7
8ef1b2c6-176f-4502-b47f-1d64ff779f4a,faa38e6a-e623-4b72-af7d-cc911bb9abbe
35712310-193c-4f65-9281-296cdb7a850d,fbcc58b6-21c7-4724-8aa0-75ed234d978c
872b05c1-48b0-4705-8201-16be09d59548,a236dfce-4f26-4fe1-b274-5ee587deb1d9
3968041b-5841-4bfe-aa9b-ccae204b63c4,eebfffa4-3e5a-40f0-bb32-7cb8fc10e1ef
39848c4f-b5ed-42d0-9b0f-0734667da391,3a1ee174-e1a9-4322-8e82-c2f8c86afd5a
2dc65305-fedf-4ca8-9634-82eddac4c296,5ceb9c3b-8030-4fe9-9c79-c4b636a2a1b0
c7868cf6-7f1b-48f6-95ea-b4ffcb97c827,5e19165e-3989-46c5-ab26-909353f98b4d
a9cc6e34-cfe3-4e19-b37d-50fb64d1da55,0d813c0e-b609-4011-b96f-6626e920b53f
c27c3431-fdf9-46ba-b68d-7f0c6ee2c455,ee005bff-d036-4077-882a-c24c60a999af
50cc9afc-3561-407d-89ea-bdd8def3aa8a,5ac8ceae-bb24-44b7-8996-a731aca90d1e
de3f3606-f059-4f17-9a3f-12355b5e50de,62672d41-7bf2-476b-a987-fcbec982ad68
cf5c3621-c6fc-43c1-93f7-1b76a9d862e7,1656ee80-9701-407e-a387-42a08700f1e8
3d879427-e06e-4495-8e6b-55c2ba5c88a5,4ee93a4a-2bae-4a15-8d75-ab4470d0e5aa
045f3400-fe84-47c1-92e8-44a13be569ae,dac3b922-94e5-4b35-bff3-0e0a4cfe8c6f
98347e67-5f2d-4631-99e7-ffaeb9257e4b,67e8367a-cdb0-4480-aacd-b447bd8190fb
34490745-af3a-4a10-a965-65e8ce55e62c,cb4de606-e428-4155-952b-1f3f57189f77
ee8754db-b4d1-4d50-b801-a7985b00a4a6,417c15ca-06b9-4e0d-badb-5dd1ba44e284
c2abd4b3-9faf-4397-8b14-fd8dbaa4cce1,721c0f63-385d-48b0-b5ac-34111a8f8da9
e4645c70-d16a-4cd8-bec3-4c2e914a2de7,249f7d1e-fe63-4ff5-9f13-a06f52ccb832
9a3a6444-1e28-464b-8130-53d77ad638ef,fc96dcbe-25bb-4bad-966d-a9b0f0655532
f273a504-adf1-4b34-925f-ee322a2d9d8a,823373cb-be6b-4556-8059-b57abcdb4fae
906bf4de-355c-43bf-8e3e-3f719e4d8f01,d1f5e6e1-7f7a-411f-b4e9-ee055967c975
6a481e9f-358c-4d77-b5d6-c714ca5ae485,3484285f-f6cf-461b-97c3-756eb8b10a3b
b56f8124-fce5-47f5-9510-f3c46108923e,71db9410-927e-4905-9914-bfaa65a393b3
716cf120-7e4f-4dcd-b2ff-317f6f0351ad,ad4e7d0f-cb58-4531-a0f5-97c852da156c
f8ee7e59-4572-4762-9676-010d0ea91443,6b8d01a4-71a6-4256-9990-c4808229cc91
58845c85-9a3e-4350-9a49-43419312b846,40074a44-94c3-4e4b-bcb8-a75de23d395e
901bc1a9-2e9d-4e49-86e5-2801a3ef99a1,12651431-ca33-450a-9977-d298f6cdfeb6
f25d810a-2e5a-4bdd-9602-3c05c75a55a4,1dc190fb-b13d-42c7-bc0c-ddb83b6c83aa
8b115cd0-a125-4e44-9cf3-5e44b84073c2,1968896a-3649-4f39-a1ff-6437712e6394
24106344-054f-4235-a6cf-88e9d0890917,321f0be5-5db8-4348-a0c6-aab5f5a800bf
6182689f-1861-418f-9b7b-6bf5d4f4b185,adc67dba-47e0-45d9-852b-ac33d9ed5d0e
63ec76cc-8ba8-40a2-b2f5-c7f2e51dd290,875ce0c4-79c7-4333-9fa2-43e4bc07f0ef
ede79c98-f312-4fbf-8320-91818e911fce,adfa1f72-adb2-4581-9c26-d917b8a30bc1
36ddd789-384b-4e18-97d7-57633b90531b,ef1534a9-471d-42c1-b966-797635a7518b
3ac96198-5195-4c1d-a8ef-e026c52b032e,877813f8-0328-4fe6-b80f-fa049aa3713a
d8584e42-a205-47a8-a191-9cb532063106,85ab2a55-f8f0-434e-8647-f94f8379b704
466e8d48-e482-4e16-a194-f523cf9b7dae,08376a84-b47b-4dfa-8f9c-eb86a450332b
e02d7936-7305-4fd0-8a72-71d044ebe601,6dabd2ef-278a-4971-816c-eb860821f259
57d04a92-0c40-4ded-86d2-ffb0a69e98e0,cc4185df-1a44-4354-b858-142312953199
b725b65c-a124-4dd6-b347-18d927f7dca3,79dbc9ff-0be8-4c8a-ae90-a20ed8e2f160
f81e8eef-5cb9-43fa-baeb-2fc164edf745,ad807f99-21a5-4fce-aad1-ae019db4cc5e
1072063c-69d8-4058-b0e6-68f8aa0d46ab,4756f1bd-2e28-4b79-9322-0450bad75b2e
f2f405b9-d270-4f70-9bee-375ed1b7a109,c68e975e-7c51-4ef0-a50e-c9a4cbb687e2
b7ac7560-74be-4512-816e-bea0941215bb,d3919c7d-6796-416e-90b6-567fb96ffe18
c6f83597-a0f6-45ae-8ad4-483cdbfdcc29,6c0e98c6-b5ba-4c87-b7b4-ebb78e09f66c
c5051a6e-d22c-4565-bdd7-7dbd1137fb1a,497a84d6-8264-4749-804b-69976ffbc649
14dee9c3-e3d3-402a-ad2c-b78a24c2fd5a,0700b4c7-a88a-419b-81c1-0d5e29414741
13ef8458-929a-4db7-a834-971ab2c33971,7b54319c-ba7a-49f4-bd21-3092b4aa52ea
5cff8c9d-b8ed-42c8-976c-853f99516a94,626d7a2f-0ebc-4163-8fbd-11eff3b040f2
9605cacf-6076-4ea8-8217-6c101349e356,7263825a-d3aa-40db-8501-508d5e0595b0
cbbaf9c2-e130-4f68-93a3-d50b67387170,1e475016-bf1f-486b-b63e-a613971f2b89
61311f41-fc41-4f2a-bb59-7e4b34381461,2a45eabe-97f5-4ded-9593-0af52857ec34
0a707147-ed4f-428d-af35-229a7607555d,9a7b103c-1607-47f4-bf2a-e31a230c5db2
c7046b10-5dd7-40f9-b9d4-2b11fd95ba21,debacfb2-052b-447d-9c53-2ceed0696fd1
4fd4dde2-3a1e-4abd-b6ca-9af9fb47aefe,da59e2ba-3ce3-4fe0-a7f3-7947097515b5
c7046b10-5dd7-40f9-b9d4-2b11fd95ba21,727c0a2d-6d8e-4960-84ba-900cf011dcd4
74dd8cef-002e-4a69-b536-cda14e713aa1,f5c5792a-c3f6-4c7e-a89a-d3d7cdccb4ab
986dd8ba-1193-469c-992a-5fa115bb1f94,f6e38e54-223c-4159-846b-b02bc4c2d80e
640a1fab-c124-406e-bd3d-ea248f80dee3,9fc1f346-223b-41b6-b45d-6cbede5ab6e7
9f6ce8c8-f711-46f0-b69b-5af100ec711f,5506ee8e-d857-4632-976c-4f8e28f210fa
80ccae06-3267-4e70-b560-d4044326f6bb,7a7b9d03-32f2-449c-9fc2-88762767161d
cd5d0dc1-a4ee-4e28-8894-f49ba976c4f1,e561b254-3950-4552-8251-1ae2decc6ab0
2967c86c-5c32-42aa-a5cf-d61fd76be9f0,9ab4dd59-27a6-4f08-b442-7122a3cf9392
44cc15c2-5d07-4e79-9069-62f1b8fcaee7,cd8bac4f-5b87-4863-bb6a-188dcbce9ef4
eebd0803-c5c9-4076-a451-942493de818c,d44044af-3e6e-4c0c-8701-d7255674eb39
6c828ca1-ac37-4e57-a721-1f3a4a6517a0,a1c48dab-c793-4461-b6a1-fd8d113ee537
2dc65305-fedf-4ca8-9634-82eddac4c296,1d8e1320-dafb-449f-ac2a-468abcc280c0
19c9940b-c8cf-4e9e-ba3f-1f6e0366e477,654c466d-e78f-4e67-b885-8154bfbb60ca
a62f46ac-d8a3-47b6-bc16-1653ad1ea3ef,264e8f7a-992a-480c-9b5f-348bdb14b2f9
f7919e57-b8c4-4863-b87b-7ae311cefa52,657ab24b-53c5-4b6f-8a5a-701be5786deb
793066f4-cbd3-4b8a-a54f-f1e1a13e9775,bf65234d-c0a2-4e93-889f-0ebd61f71799
bbecf890-8f09-4740-8653-f23b4c2e7009,461e3f71-c3fc-4298-9d96-7ee5d6adbc36
365700a7-1f2e-4f68-b76d-364dbbe45377,6f5d2086-4944-475d-930b-244c87f9b956
af8b1ca7-9e09-4756-bf63-57a3275c3ef8,83ca9519-b608-4a7c-828c-2e1567656052
95f970b2-1c5a-4274-b4b1-e336fd5f4f4f,8c45ed87-74de-44da-9a57-0e6990ba001c
c377c359-c6e8-480d-89a8-e06350bf6bc4,c0c95ed5-b84e-4871-97e8-e06f7b6d5a9b
c32072aa-6db2-4459-aecd-531605cc7dd3,4685310b-9f60-4900-ae2f-ac27e6df32b1
f5e3c033-61a2-4ca3-829b-70a9f357e3db,3e047745-d043-4c2a-8bb7-db7ccf459710
1563479f-1266-4239-8c3e-34a2f4ff5500,1dca8484-3fd2-4a62-af27-d7f9f314c712
2dc65305-fedf-4ca8-9634-82eddac4c296,21151994-4df5-439c-aa61-878086f62d42
a62f46ac-d8a3-47b6-bc16-1653ad1ea3ef,0517c66a-d97f-4e93-9734-3de7f9031324
7d014231-1d4f-4786-8896-00c127de91c3,11bce8fd-0b9e-42d2-8629-ba0654caedea
1e1e506a-50c1-4d3b-8213-4a067991e502,6abfdb6c-1d13-4af0-aad9-6307db8cdefd
aecaaf26-2200-4ec8-a15f-41e5fa97ee15,ed9b9a76-8faf-4814-8e58-d66b9813e42b
4a2c208e-8420-48a5-86b4-835d0e4053ec,c3d6348b-98c7-4022-93c6-8c31b0a97f34
8125fccf-5338-4afa-a434-025f193cf66c,8771f097-2555-4e24-9c05-f621b6ccf3ff
ebd45c64-3004-47bf-8d43-2760ff3fddd5,9339463f-32b3-4afd-8ae3-f3e7a3c587de
a991bce8-74cf-48f2-aa9a-9d61ce0aecc1,11b5775a-15f2-4ad9-8817-ce3b022a4347
b3f26ddb-83a1-425b-981b-41f730443c8e,bd10d619-292e-42df-bb49-4176f6ba6208
a53463ea-48e5-44b8-a455-7f02a1dccde3,65ff860c-59e0-4a00-8c8a-8e82dd42c7ca
1d3d1a1d-a7a3-45e3-af09-7f0fdffc36b1,28b93772-5cea-435f-93cd-f7671418aab9
8b115cd0-a125-4e44-9cf3-5e44b84073c2,ae8a0f8c-6109-4ffe-a368-e81b7292647f
eb0855b2-9f06-4860-9937-66c534dd8bfe,e2de6a70-31d8-4d2b-a472-14f466704e2e
b2e65ae9-111f-4169-811d-1e4c97848a95,43650dec-e69c-428f-b55a-7594f3963408
627cd8e3-d28b-4a12-80da-de7625411cba,121f250f-0c49-455b-8c46-c23f19eff796
986dd8ba-1193-469c-992a-5fa115bb1f94,08e6a217-7467-4143-ae41-3bce9535e068
d7acd70f-e345-41bd-996f-9cd4ca50b34f,b6f6f130-d488-4f2c-99dd-8bb0c5581116
897685b0-5f46-4312-ab88-3acef1b3e4ad,b4ca914c-c4f3-4ca4-9b82-720cdbc41581
335dac00-13a4-4274-8889-7b2910fc2a6c,905f3b8d-32cc-4e52-a6b4-5c213f3b570f
9c733659-f3cc-41bd-9d09-65d3fa5b0e93,730b2c4c-5c55-4e63-bb6e-88e5599b2090
fed7b4e2-b43d-4e97-a4a8-8a1da5afdda5,b560d550-1122-411c-b11d-ac1be8326dc3
af4d7e3b-e842-4e77-81f2-044eb8bdcee5,1e0d0fab-a9ba-4e96-a133-185a9ebc91f9
19c9940b-c8cf-4e9e-ba3f-1f6e0366e477,cabccef8-8b8e-4ba6-ae04-6c49808082d7
54d339e9-9ea6-4c6a-866f-210874134599,10248a0a-9caf-4dd2-9cd6-bda1ca23a4ea
212f340a-e6bf-42c1-8460-4ec0fcbf12f5,5fa83e7a-d77f-412b-88ea-44c3a6a5eab1
01448ca6-08b4-4e33-bc14-a3c283bfdabc,9609de0e-3a7f-4dbb-b157-105d44d84b21
15bdde74-f589-4de4-be2f-2af0c3851eeb,5729ea54-f172-4b51-be73-bcea2e17e731
8283eac0-16ff-495e-9ee6-6fbf2a8f0332,2fd2121b-7e62-4276-a3e0-36ef428490ae
59c667ae-2431-4603-8eea-dcf50e7fa87a,107b4a61-20b7-444b-b1a2-70296a01df9e
ae319f46-fa37-4060-8328-223cd8fa7ea4,e528fa4d-75eb-471d-bedb-c862cc3a1186
4f73b89b-e8c2-4f9c-b7d3-802d416a09ff,255fe965-edd4-447e-9f8c-0e875828ec9e
9b86dc4c-47ab-4ac7-a073-47628eee0b72,61c15c83-01f7-49f3-a68f-4c1dc3320d43
04081507-258a-46e9-b021-bdfdbbc2d900,f2550962-879a-4cd6-a4af-43f6afbd2eba
b3f26ddb-83a1-425b-981b-41f730443c8e,e07ca812-2b5b-4d9d-970f-a3e843cdc622
f90991ac-bd30-4647-93d1-7e75be62e4a5,3c4351d4-c876-45c6-a642-f15e2f063207
b0354f90-b789-4b14-aeec-7951e7da2c3a,e6be8e06-0d7e-4696-bfce-423a2621549e
ede79c98-f312-4fbf-8320-91818e911fce,52b139ab-6fd7-4530-ad98-b2c30265785c
312138da-0ff4-4ee3-bbcc-95938a25aebd,b8707032-4bea-465f-8d37-9fc68c2c8da2
b56f8124-fce5-47f5-9510-f3c46108923e,8ae5caf5-921e-4f42-8d93-fa74e694c1e8
1a02f834-454b-45e5-a807-e32e113e9f20,842fbbdd-fbf2-43af-9f58-3c7cbc999fb4
9e47b098-dd6a-4ee1-a5a7-3afece67a0a4,15133574-9ee0-4791-9b15-47ea582b3cf4
b0354f90-b789-4b14-aeec-7951e7da2c3a,9eb2ed89-3b7c-47cb-975e-1d1653c3b587
b234bdcf-1be8-483d-a58e-35a6d600cc66,6530912a-f06a-4861-9f7b-f6820abea42a
35712310-193c-4f65-9281-296cdb7a850d,64a6afb8-ab32-44ef-adb5-ce5c17c1e27e
6d289306-5271-4b50-9f5f-624262b4f5e0,31eac21e-34fa-45e4-8624-001048b7deb5
9b86dc4c-47ab-4ac7-a073-47628eee0b72,2d78c196-d193-408f-90b9-5f9163bae605
61311f41-fc41-4f2a-bb59-7e4b34381461,b76294b7-3b82-44b4-9303-c20f904cd646
777f6e63-c985-4d90-803a-95bfe3adb15f,a6b4a348-35e8-4ee0-8ef3-0c741ae8dad7
54d339e9-9ea6-4c6a-866f-210874134599,7b835424-48df-4d30-9648-ac87b02552df
9f6ce8c8-f711-46f0-b69b-5af100ec711f,9c574105-fae5-400a-bb4a-bf0931399745
df3f9239-d18d-494c-941a-f8523134743c,dcb2ae34-e89c-4ec2-a940-6d6e7570f824
6ea3618c-5223-4d86-9a9c-cf7654a8cc9e,7d31f173-ab2c-4823-822b-8b1a3b829db0
335dac00-13a4-4274-8889-7b2910fc2a6c,c11c8faf-7c03-4c5e-9cdd-0c731da65bd1
629a899a-6f55-441d-9ec2-a617b986e943,5ea20133-2c95-4399-8464-68ab0510d0ee
16d2cc35-a79a-4829-b063-6d0ffbd19f3d,aced82c6-770c-4055-9f1b-9db3cc7685c6
cbbaf9c2-e130-4f68-93a3-d50b67387170,c9adce88-4072-4695-a772-97fe11e37d93
bb19eca2-3733-4986-9721-a33a5dd5a9d5,1e5d3f70-42cd-44df-87aa-e336d2941d4b
0dbb0516-8120-4da5-a96b-1c2917a30df2,4e629c8f-3ebe-411e-8357-9e4d0e43c5dd
4339245f-4244-4380-a7e6-e89430f0c74d,b608ab46-a53c-4659-bb14-bf2be9932534
c7046b10-5dd7-40f9-b9d4-2b11fd95ba21,a591df17-1c9f-4814-ba45-40900932e7eb
3a6afb08-898e-41cd-b98b-b87967fd58f8,e141298b-21d1-4aa1-af89-e7de7002b89b
5bea504f-c968-4c8f-bebf-c4af89bea486,1a471f96-6980-4e3d-a91b-5547cdc2689b
95f970b2-1c5a-4274-b4b1-e336fd5f4f4f,b599cf41-f115-4d58-9aca-ba94e48f4ffe
e44fdc23-2ae7-4ddb-950c-9c248e03e7d4,05fb9913-c93d-4bd2-b431-c4dc620705b7
d0aa6052-9c1f-4bf6-b13f-611c6f6bbd02,9d9dab0e-777a-496f-a311-698abaa13d5a
20bc9480-32f7-404d-bd55-faeeecd76cf4,d5f0015c-5d96-4e0c-9eb5-00408a98c24f
b08695bd-10ed-49ee-8c25-f071f9bfa17c,ce80b9bd-6198-4b18-993b-7239815e42f3
89d2e328-5547-41d4-9d3e-41834b5a8e4e,6198240c-53c8-4518-9780-035cbba924f1
0dbb0516-8120-4da5-a96b-1c2917a30df2,63bb34cc-b22a-4336-8047-cd51779699c4
5df73eff-3102-4f20-96bb-d8c2ec6a85b0,44da4388-5c5e-46b9-b058-1fccff262753
08e59571-d5fc-4a51-8eb2-0ff42fd9173e,db9afbf1-e49b-4836-aa6a-49c2d9dd542b
793066f4-cbd3-4b8a-a54f-f1e1a13e9775,14d9392b-b718-43c1-89a2-a308dda27f23
7336ec47-f9d2-4db3-9e09-0c79e7cec792,04645345-af54-4cc1-9cee-d5cc7c709d7b
ec21538d-683c-4df8-99b7-6443a30784a8,60cea2ff-00d3-499b-8aa2-ef9191a5466a
b50d2e3d-b434-4542-96f1-3ebb93b5462d,4d0cbfef-898e-4bcf-baf7-f4aad60142dd
0a1d73f9-a6df-4297-91d5-2bf6e5f000be,bcd8d07f-9005-4c4d-a185-fb8c218d2485
4654b5b2-32a6-4077-bbde-15afe085adf9,bb034c3e-1bf9-4bf0-9b60-d9d178942c13
ddeb823a-85ca-4e0b-bb75-cb9d50b81b2b,d4908200-30fc-4970-bbe9-ecbe0f31fc8f
005cfe59-d265-400f-bcf3-5e5fb10e4422,ef9263e1-0f2d-48b1-ad18-ef71f58646f1
034aa32b-9a35-40fc-afa7-59dab4dd07c9,705d0174-80b8-4b83-bc5a-73f6a37d5795
55098b95-1e6b-44ca-a67d-ceb7205e9e1c,4baa04fc-6825-4dd1-9ed6-d853e40b447e
945c59a0-a310-4760-87d7-0f8e8ae3185b,328c8d50-dabd-4c42-a040-b524d0f5332e
fed7b4e2-b43d-4e97-a4a8-8a1da5afdda5,02c0e1ab-359b-4238-8591-7bdf99892ff6
7f8a3e92-f4da-461e-8d82-7ab2feb19b5b,75eeee0b-2104-4432-b5ca-ca9fc8049763
40f83289-0872-4ed9-89dc-162f235c5850,ea17b1a8-0a10-4af4-b89d-7c57cc137d24
945c59a0-a310-4760-87d7-0f8e8ae3185b,39515e07-526b-4a84-981b-2d1ede7593b6
239d9311-285f-42a4-857b-d78a3f827b2f,5fa27dec-7c94-43df-86c4-ee6ad10591c0
61311f41-fc41-4f2a-bb59-7e4b34381461,3e291a64-998b-4667-9155-a72869d5e5d2
0dd2728e-20c5-4f4a-b996-ce7d810883ec,a2937a2f-b1ce-41f8-95ee-5d305c96193e
a991bce8-74cf-48f2-aa9a-9d61ce0aecc1,0ea303c5-f852-405b-a28e-c3def609f0df
3ac96198-5195-4c1d-a8ef-e026c52b032e,0b1f7cc7-6260-42bb-b799-e0dedccf5f6f
bb19eca2-3733-4986-9721-a33a5dd5a9d5,6b18180f-86b3-4521-a948-21a23a2bd61e
dc4c4d0f-96be-4b22-b1f3-76fbbda91efb,ace73992-071c-401f-99c3-7b1dd8cf6ab5
335dac00-13a4-4274-8889-7b2910fc2a6c,12021efa-6dd6-49ed-8782-e0311dc5b413
83216af6-e6bd-481a-ab3e-2444132d23d0,997d063a-5782-44cc-a1f9-54a4abe02ec9
eab35e09-d9f2-472d-9042-2d3223d32d81,742edcce-fde4-491a-8953-1f558d68ebc6
b50d2e3d-b434-4542-96f1-3ebb93b5462d,100dc642-d144-46fe-9b62-fdec76760f66
835dc2ba-8c46-437c-b972-a51269f50c0a,6b7e3655-fef9-4e5a-ab18-fa5086720769
1de49e6b-76dc-44b8-87b1-f0bae1b79979,478051af-97bf-4e0d-a2d0-e5f1e29073ad
c4b1c3fb-5013-410b-afa2-d48c6fcdf415,e9f52ead-6843-41d5-b92d-6fc9be110c9a
40f83289-0872-4ed9-89dc-162f235c5850,4cc8d629-5a2e-4878-8950-b26fbe470db3
88f7361e-accc-40b0-a6ae-db98d1ce3fb6,08a73c2b-d32c-40cf-af1f-6642f462daa7
d8d30fdc-c91e-4d50-9411-40df61b903d0,134a7392-3b15-4b98-ad40-17579a515cb5
342ba26a-d5b7-4386-bee7-7b25966a3b56,b936c03d-1e12-44cf-9da8-d8aa593f3082
046924b2-b56d-4efb-b955-8421696bbb2b,78639d72-f4f3-4b93-9cd5-26a7565257bf
0a1d73f9-a6df-4297-91d5-2bf6e5f000be,641b9482-2cea-4be9-a46a-da2fc94c0cb8
58845c85-9a3e-4350-9a49-43419312b846,b80b0c73-af9f-4033-a827-88aae817e8ff
c5051a6e-d22c-4565-bdd7-7dbd1137fb1a,7df4e567-dba9-4c5b-933b-7d2a8b9e6050
f83cce04-4d92-4002-9ffd-94bc2fcce2b4,c81d2760-4f9f-470c-b36f-404243d96d17
793066f4-cbd3-4b8a-a54f-f1e1a13e9775,97d530ca-626d-4d1b-a1df-25d12675b995
aecaaf26-2200-4ec8-a15f-41e5fa97ee15,be696764-cec3-4d88-ad67-2f5e7fcf6ed3
8e7d703a-04f8-4789-bd12-2e42d03b0a92,4adb4045-2981-4abe-b14d-b5f6b2b3cdf8
f90991ac-bd30-4647-93d1-7e75be62e4a5,19993e23-006a-4e3a-801f-5c3d3cac651f
7fa595e6-bfd9-45cd-99dc-531c8887c170,cb6cd627-e71f-450d-953b-61ef132651ef
7336ec47-f9d2-4db3-9e09-0c79e7cec792,bb6603c5-cd36-4f12-8ec4-13ba2dd0d08e
89bc1500-e603-4e09-8778-6519bb39a25c,dc070e23-6b49-4ac1-b420-73fad59e3b9d
77be31da-b4c3-4022-b277-583e7a3940f0,a2c05867-2927-4f4f-9253-1bfac4bd5086
4242b094-2491-4e93-b23d-bd240ecde51f,70a6cb98-572a-44ac-ab45-b94bb18adb23
7de77c34-ec0e-40e6-b971-80f324d9009b,1220330b-280c-4394-8784-80b9fc83500e
466e8d48-e482-4e16-a194-f523cf9b7dae,be007328-4e87-4b6b-b5b4-85d4d5f015d8
e13b11ca-bde5-46ba-8b75-93a37e6427c7,6b072be8-5530-478b-b82f-39273de9075d
6050b07c-434c-4dcc-b8a2-8a920af3c871,6dc40bcc-89af-4e54-9076-20dfacf84895
4c74ed90-b4a9-4533-88e4-6e295a16827d,5e0dddc6-1491-4c43-a2d4-46e2437d05f8
cd20766f-75ae-4ef4-a722-4fcd063e1a4d,22757a3a-68a5-4bb6-abea-0a9d6044f98d
a28c0644-6aaa-4813-b31e-9dedca0ad15d,aee496e4-add3-4517-865b-7783298b4977
1a35c8bb-d98c-4343-93c6-005cad556752,0c9e1707-9a7e-480c-af6a-fbbdddb313ac
1a3739fa-e9ba-482f-855c-30bec78209f7,5323c387-9288-4053-8ab6-aabc37f7ea43
7d3bcc65-e8ac-425a-95a2-0abd490d7123,07c2e9cb-f798-465d-b532-48afba22ba86
b0354f90-b789-4b14-aeec-7951e7da2c3a,2857a898-75d8-4887-be69-d18985371cb1
1944691b-b7a6-4a26-b415-f599814e41b1,837187a1-37fd-4989-9e1c-90ecd85c83e0
875ab2ee-9639-40da-9da4-bd399e4a36d9,6711cbc2-0379-4836-a122-f474c8b32ddf
24106344-054f-4235-a6cf-88e9d0890917,f8b15c13-cb3d-4f6e-8e36-e5307ba97cc7
57d04a92-0c40-4ded-86d2-ffb0a69e98e0,e049aebf-cbef-4bc3-abdd-972f302f92b6
bc33fc8c-28b1-4b3d-a558-15032c5fc0ee,bbf121a0-e1a8-4e59-9753-56092c5eedf5
923f7a1f-5a33-4a0b-a3f0-74a4a7ffc5c3,bbae8ca8-9ff6-4acb-b62e-3d8a2ddccabf
eab35e09-d9f2-472d-9042-2d3223d32d81,a4c1811f-37c5-4d62-88b1-29b5200b9d1b
862b8ff0-4007-4704-8ce1-682877c6a5dc,c8ce2eac-c01b-4b56-a1c1-4aa75cec50dc
024b0c75-02c3-4736-9b8a-4fd6d123768c,ef6c98de-4779-4c91-91f7-ab62c8a9cfb6
cd20766f-75ae-4ef4-a722-4fcd063e1a4d,4f9079cb-5fb8-4ac2-94dd-c7e350f5aecd
9bd4f3f0-8c26-404c-a6ee-828c554e4a2f,b88406b0-7d85-4417-a388-2a19cf99785a
9495aa06-eea3-4f2a-9fb1-07a4d31deda2,cfe0a785-ecea-4863-8257-1fe382ce550b
6a481e9f-358c-4d77-b5d6-c714ca5ae485,b280d9a0-e928-4ffb-8f25-2be27d777ff0
8e7d703a-04f8-4789-bd12-2e42d03b0a92,e6d2007b-a0c4-4430-8892-5e4c89f7817b
a7173793-7ff7-4106-adf5-ebd00dcc03e2,c021ad63-6016-482b-b287-5fa5fb621a58
850b3a5e-3e6d-4913-aade-62256ed018c9,d03215c9-eb4a-4a79-a194-a9fa315173d1
034aa32b-9a35-40fc-afa7-59dab4dd07c9,adf49565-0d20-4d0a-bcc3-25c4af0532c7
57e399ff-fcda-4f99-b9c7-30aa5beb1ba0,84624074-d9cb-4c01-a864-67e16b05285a
5aea0cd8-c4e4-43f1-90a8-2d7f301adb6a,232d7cef-8214-41d1-931f-63a4cde19440
54513523-8fe8-43c7-be2c-f2f79915940b,61673aeb-204f-43e4-a15e-c7a3558f16b1
466e8d48-e482-4e16-a194-f523cf9b7dae,8f994c7b-3541-4dac-a9d7-e15e11ad353f
72466568-d001-4854-aff6-a9db6c677733,5895143c-acce-4a2a-ad0e-1b611687821b
b96046fc-e18b-4ffc-8066-37e716c84868,d14486dc-480a-48a5-b7ec-5f23af28e804
1c6d97ad-3f53-4ba3-899a-07dc3fc9ab38,a64e6151-e590-4c0c-a995-61475d1d8636
8211ded7-762e-4c14-b229-20853cb10acb,52130d05-247e-4f23-8390-01682f59f96a
14e17a17-d6c6-4567-8157-86d5bebfdd79,dc96f7b4-f84c-4cb7-95c4-3f08dcc6140d
fc57dc3e-5b61-4fd8-86db-dddad050844f,88a29b90-1582-496b-a4ae-72f1a7c97bcc
83216af6-e6bd-481a-ab3e-2444132d23d0,1a932e00-968f-4638-b151-330a357454c1
fd6d8d6e-d577-4e27-adfc-e27c68ea3820,a2521ddd-bc6e-48f9-8b4c-e35d6de2f562
316b1908-572a-49eb-a029-25b59b01bfed,5611e349-1e8c-417d-9c64-0b5d792f81ca
f0f90c94-cd5a-4302-bc36-2be710fdbc02,ab2feaaf-4b0a-4bec-ac5b-14cbd09e73b9
19d1ec37-5e62-48c4-8f92-0a61ef383ec1,89886e1f-8af1-4e14-b6b9-451f1a5e8385
8b751b57-4222-4f4c-93b0-a5823afd3323,213320dc-87a1-488f-a0fc-97d0bcd7a4ba
b88a2955-3571-44df-b7d9-8903ed74745e,7d4de425-c420-43fc-81df-2f05e112d647
ffc1a9c2-e8ab-4bd8-8932-cc09a53b8d54,d92561fe-5cd9-4d0e-9486-26847f56628a
6822b308-8189-4432-866b-5902467a4fff,9fe6e4b1-3c09-4ce5-a0b8-0897f8d1b25e
56d8c118-55bb-44cf-81f2-d981c0a4d82c,39adf2d3-f0fd-41d6-8084-6f496a7d2212
09b612af-aacb-4536-bdfb-feca70cc1f95,962501a3-7f89-48ef-a4f9-a6ee987f64b5
1563479f-1266-4239-8c3e-34a2f4ff5500,c2599e43-dbec-4278-b3bd-62c97f5964fc
0dd2728e-20c5-4f4a-b996-ce7d810883ec,1183bfb6-aa53-4473-affb-3932c75714b3
872b05c1-48b0-4705-8201-16be09d59548,95ad92c7-c723-4e85-944f-f736fa82c020
8e7d703a-04f8-4789-bd12-2e42d03b0a92,7c5080b7-dc40-4254-8eba-176012973e3d
ce335702-2526-43a4-84ed-50926f139259,872bfc22-f34b-47c8-8866-bce10884d5ba
82913d37-2514-4850-9f11-bf7b65289407,4bc15413-af43-462a-b53f-22a9f0bcaef7
77c1f118-c41e-44c3-873b-85e3925888cb,0a6787dd-efe7-490f-8fc3-89ec6c4d588c
5364aa19-2057-407b-8f43-df76b668c715,1ed22a5e-8120-44a3-8c26-6537c008ebbb
5bea504f-c968-4c8f-bebf-c4af89bea486,8761b1df-8d23-4249-8044-310912c990a8
2651660e-443a-44e4-ad82-43955a5183bc,16ac212d-f61a-407e-a14b-5293d9f44e5c
89d2e328-5547-41d4-9d3e-41834b5a8e4e,f1408959-8b9d-42fb-8d09-cd9dbd8fe5b0
46345411-65d9-429c-88f4-e8896f34e57e,15860caf-42c7-4973-86d0-2d6d97fdbe78
0a707147-ed4f-428d-af35-229a7607555d,1d89c7f7-4a68-4595-b521-3fe3bdf2763d
5ab64d34-9587-4699-8494-7fa2bc0e292c,95a37322-e9fa-467f-a048-9c099fe19850
ffc1a9c2-e8ab-4bd8-8932-cc09a53b8d54,52896ca2-6703-409f-ba7e-ed48292ebb86
21c584ce-7f5a-4416-b9be-aa0880ec34e7,617282ea-fcf2-43a2-80ad-7e2c2adfb81c
16f15056-d834-46d6-9dda-09818fa57d87,c3ba2fc9-e023-4243-b1b6-530efc0da7f9
ff501df1-6b7f-4d54-837a-eb7352b4a088,54c3cdc4-c192-460f-99a1-4f740c64ceef
7853287c-1569-45a7-bbe5-6ee0c4f94da7,9760d3b8-90d1-4220-9744-64368e02b0e8
3968041b-5841-4bfe-aa9b-ccae204b63c4,8118cd29-c38f-443c-a1b9-4274548d2ee9
c62dd829-1d34-4264-974e-b4f0d52a46b6,8e0aa3f8-39fe-4337-9c4e-6cff3c441b7b
c32072aa-6db2-4459-aecd-531605cc7dd3,4aef1027-91c4-4a58-b7ca-dfdf27e861fd
8283eac0-16ff-495e-9ee6-6fbf2a8f0332,16f522ff-9ab0-4006-8104-a1927d079b80
3be77935-acb8-4619-9654-ca543e7ee414,b61e1ed2-0b4b-4e89-b1d6-bce38c1b1b10
0888935e-b6a9-4788-aaf4-f96177e78260,47bda7b5-7fb8-4181-9303-e24d954699ad
df3f9239-d18d-494c-941a-f8523134743c,706d3af8-67cd-439c-9031-50c50a28c9da
4ed3aace-0e7b-4a40-bbb2-8294756d0fa4,908daab8-4937-4bd6-accd-45a86908b815
74584451-f1bd-4c52-affc-28f8fa89c44a,b332ecb6-f54f-4c94-96c4-7a66bf21c0b7
1c6d97ad-3f53-4ba3-899a-07dc3fc9ab38,ff941f4e-bf0c-445c-ad7b-aee5dbd2ee2a
3968041b-5841-4bfe-aa9b-ccae204b63c4,b78ea8a2-87e1-467f-96ef-0fe06d2b989e
a69105a9-cefe-44b7-b147-118c3c6778ea,2d955d5a-5ff0-4f3e-a460-aeae62ae51a1
4fd4dde2-3a1e-4abd-b6ca-9af9fb47aefe,39f80bbe-3a31-4deb-9434-9afa78d79fea
3513fa01-cc04-4ca6-a668-86cf55675b9d,76b3270c-947c-4f3f-b3c0-b9d6a7f3a1da
0dbb0516-8120-4da5-a96b-1c2917a30df2,dfec135e-7934-40f8-bd0e-48ffbca6ec4a
4242b094-2491-4e93-b23d-bd240ecde51f,c4543788-7c3e-49c9-8794-55ed37a361ea
5f727f13-ceed-4054-827f-850ee4941c32,0929754b-2d5b-4e31-8b8e-f354f6fec2f8
5bea504f-c968-4c8f-bebf-c4af89bea486,e7e81624-ded5-4fde-8272-d73f1557b241
4702b784-ec0f-4b05-b9ca-f7451b486b3d,59d7aa76-a12a-4db4-937c-f4b427ee6cab
1a35c8bb-d98c-4343-93c6-005cad556752,0ed38977-a560-4283-b684-c63212d20aaf
3a6afb08-898e-41cd-b98b-b87967fd58f8,9415636b-7bcc-408b-80cb-c72e6fa1b955
62de26b5-f8a8-493f-91ed-971cd1d64122,2cc8382e-a18a-4f47-aed3-1911d193c82c
9f6ce8c8-f711-46f0-b69b-5af100ec711f,a8b59a1f-047d-493a-8fe0-7f0e99ae4499
3e4efbe1-59a9-4620-9105-c7b6c6d7ab67,b509fa78-3939-453c-8eee-7dab587d880c
a7173793-7ff7-4106-adf5-ebd00dcc03e2,903d5bb0-57fa-4cb4-8de3-9cd9f616cde4
5364aa19-2057-407b-8f43-df76b668c715,f4556046-3145-4e90-b6d4-3ed87fcdc889
c27fe741-9bf6-498f-822f-c63a668728a1,37b452c2-8c5b-4e98-a784-e20fa0780950
8211ded7-762e-4c14-b229-20853cb10acb,cb6cc4bd-70ad-4351-99b8-6078de30cbd1
98f10245-4035-4d00-a080-25fdbf6e8a6c,0ee6c02b-db9a-4c16-aad9-7cc406278f83
3a6afb08-898e-41cd-b98b-b87967fd58f8,0e7d14f6-6a1f-426d-a657-3702fd9eb8bf
b725b65c-a124-4dd6-b347-18d927f7dca3,15c14586-1a7f-41c5-9299-f8b0bb50f214
b7cc593b-d450-43b8-9006-f77c9046b22d,00e2426a-7119-4326-8387-166799ff78ca
a53463ea-48e5-44b8-a455-7f02a1dccde3,01a15a97-687a-48d6-905b-70aefb78c98c
eebd0803-c5c9-4076-a451-942493de818c,5f6ada85-56fa-437a-bbc4-16190a39d9b5
1e727e62-59b9-40f7-aebd-caddf46533be,9f7788c8-0e82-4027-8932-30b04c283847
cbf41b73-9c70-42bf-b47e-51dd8f47e87e,847d6800-e867-4c71-93f8-c4e428a1a8d9
aa0a369d-b9ab-4ba4-9ee9-62bf1ddc511a,d5e344fa-9eca-4dfe-8763-e64262398b4b
8741ce33-b005-435f-894b-f3424e62666f,9349d2b2-34f0-4ee8-a215-b47f49ea37d5
8e7d703a-04f8-4789-bd12-2e42d03b0a92,d5167f70-f72b-45ed-a0d9-7486d9dfdbda
a4d105a2-4bc0-4dfc-9080-46b2a8a7c6d2,6d85044c-3a32-4692-ad9d-cbe56b49d4f2
55d7a659-423c-43af-a370-baf211c118e7,81618654-af7c-4020-988f-d1b2e93b08d9
a98783a2-6309-4766-b3cb-cd283b5154f6,7a9b4a23-e3ee-4b80-98fa-591a0ba6e0c0
f8ee7e59-4572-4762-9676-010d0ea91443,6655d86e-27ed-4df9-a61a-c17b003a3d06
a5c35b84-a0c1-4b23-ab6d-60ab8b1ae967,ec6c0236-c7eb-41a4-ab99-8c57b35650ac
cbbaf9c2-e130-4f68-93a3-d50b67387170,8e044731-73d8-43b1-8d84-5a2e0816868d
9900fb80-c66d-4d08-97f2-97d901af2901,48b5240e-d776-4264-aa8e-ceb12a23b1e6
4dc535ee-af72-4503-83c8-797a5b1f9cb0,75d16141-291d-4031-922a-5d070807ff88
316b1908-572a-49eb-a029-25b59b01bfed,839a0106-cb70-48b0-9e49-27b2b2dc5962
3513fa01-cc04-4ca6-a668-86cf55675b9d,17ae0182-6c18-463b-9d28-2a751ad025f4
faec9b92-7b55-4af0-a2f9-40d3f414290b,c2ce8cb3-cdce-47d7-b743-cff8b6eebb5c
793066f4-cbd3-4b8a-a54f-f1e1a13e9775,7f0e87a8-748b-4d55-9bf5-67994d3210a4
faec9b92-7b55-4af0-a2f9-40d3f414290b,d043dbbe-08cf-4693-a701-bb3c989d7381
2dc65305-fedf-4ca8-9634-82eddac4c296,9c07aafc-5ab7-4e8a-b46f-9b24dfa60d41
4378b821-386a-4ea0-9501-9902f25dcbfc,1f840075-f4c6-420e-b784-56dab9c9efad
57d04a92-0c40-4ded-86d2-ffb0a69e98e0,1d7c14f5-ef8f-471d-af45-4f0f1dd735c4
3be77935-acb8-4619-9654-ca543e7ee414,a9cb256f-4475-47fc-876e-60b51ca9e0a5
e02d7936-7305-4fd0-8a72-71d044ebe601,352cf2b7-df6e-41b6-b45f-7e550fc40756
c84caff1-b0a7-4b34-962c-73edf006220b,2b60980a-ab15-43f7-9424-42f8f7dc34d9
defa9733-a950-448c-9f73-1dff562a9af8,d892f20a-6b12-4f8d-bf34-348b70e18cce
ca779e9d-f9e2-49f8-a686-b0e33f456427,a903c309-4151-40a2-8f79-622bdde554a8
a8687791-a50f-402c-b32e-3d532977db17,fb7c525e-d9af-428e-9e52-fbd11fd8647d
f81e8eef-5cb9-43fa-baeb-2fc164edf745,414fd35a-e38b-40f4-b7c8-212d042c0514
64d8e2fd-3afb-4702-b0a9-8e111ec6952c,22176019-517d-4b34-895b-0cfde33d7c1f
716cf120-7e4f-4dcd-b2ff-317f6f0351ad,4d5a11fe-1a73-430e-abc9-3d01a9875b86
cd6d01e7-b691-4c22-9006-64482d5939fd,2edf6613-cd59-4a60-8e85-a78c99302c53
14e17a17-d6c6-4567-8157-86d5bebfdd79,9adc7bbb-c358-454f-b636-9e5b6df0a6f3
f4739318-29f1-4709-a37b-925e97980bcd,5a083c91-7281-4a6a-8883-405a0b5d7cac
08e2526b-bf07-4120-b33c-80016c5615d9,06f634cc-80ee-4292-b04e-28dcf229b315
55098b95-1e6b-44ca-a67d-ceb7205e9e1c,2c0192fa-ea0d-479b-a966-b071d6cac5c5
57d04a92-0c40-4ded-86d2-ffb0a69e98e0,dde72757-c5e2-4c79-a31c-ce1f60f4518a
4242b094-2491-4e93-b23d-bd240ecde51f,ba570ee7-f44d-4306-8f86-218b918c78ca
5e242122-bb64-48bf-8d1d-53b2b1253ea4,e5aecf29-06f8-47be-9acd-9d291c354b40
93599e37-70eb-4961-8d3f-be10307e70fa,b50b015d-9e33-4ce1-be0a-6bd0c50cd90b
1c6d97ad-3f53-4ba3-899a-07dc3fc9ab38,e1fd243f-26b9-4792-9023-b1dad4ad0fbe
4242b094-2491-4e93-b23d-bd240ecde51f,25312877-7889-4365-b839-7c0eb58968ed
046924b2-b56d-4efb-b955-8421696bbb2b,1cd5a488-fca0-4e65-850b-0ece2e920f10
82913d37-2514-4850-9f11-bf7b65289407,38899651-0f23-401b-b7ae-c8b7b8ab0516
04081507-258a-46e9-b021-bdfdbbc2d900,87a9da0d-e02b-4b95-a051-ee5dac7eadc9
89d2e328-5547-41d4-9d3e-41834b5a8e4e,06ede18d-53f0-437a-b735-daf23f90198c
16d2cc35-a79a-4829-b063-6d0ffbd19f3d,5447885a-b51f-472e-815d-dcc29e4edee8
a2b01888-4ea2-48d7-ac68-7b32b4788dc4,326af122-8447-4db9-add3-8c89d0b37086
19d1ec37-5e62-48c4-8f92-0a61ef383ec1,c3b26d27-eb64-4604-83ef-4e2ba3d0b571
c895751f-c38d-4c5e-9e0c-ce4594a1a5ec,6ea284fb-6a1e-4bef-8f55-1fe27158029a
212f340a-e6bf-42c1-8460-4ec0fcbf12f5,24e24527-e547-467f-8ad7-b28e1bf56fa1
42174fe0-0dc4-4317-b369-ea7b538302ff,49fb74ae-f19d-47fe-8f61-10ed089021ce
c7046b10-5dd7-40f9-b9d4-2b11fd95ba21,c50116fd-8bab-43b6-9dd0-a6f813174116
98f10245-4035-4d00-a080-25fdbf6e8a6c,0009c263-1a79-4b58-a164-085555f3bbad
82913d37-2514-4850-9f11-bf7b65289407,22e5ffae-5316-4607-bdce-57221f1cecfc
1e1e506a-50c1-4d3b-8213-4a067991e502,64cb5e3b-ea68-4bf1-a076-ffb25d24c8cb
19d1ec37-5e62-48c4-8f92-0a61ef383ec1,7b969cab-c810-4a9f-8edc-cadd4e7c36f4
39419dfb-423c-4499-8ed8-27569570230c,b2aa452c-9cda-4f96-98aa-c4ef79b9cf95
3ed4d663-931f-4224-89a8-1ec396e8dbaf,059ecda9-fcbc-4c5b-b385-5d5339f54e8b
a28c0644-6aaa-4813-b31e-9dedca0ad15d,fb512720-fb58-4e15-97d5-495416897615
eccdc4eb-4127-4a3d-a713-91a9eefad998,5d990255-b05d-4d2c-9c06-9abd333b45af
3b07361f-ce2b-43a2-b879-b389f5a37484,13caba9b-5d78-439d-82e1-0350d58ddb50
bfb0cc73-099a-48ce-8fea-305e3837f184,e5b0baae-5293-4cef-a36e-6d723d996e32
6c5a1f67-0fe4-4192-b61b-78804b7f89eb,f111c825-2637-4cb1-bce2-d62c6c69b95b
870fa029-e1a3-4f9a-866c-0757cba95e2a,2006abb2-c905-4435-8500-35251873ee89
8b115cd0-a125-4e44-9cf3-5e44b84073c2,3f191253-ddb1-4906-b1ef-fe0bc1512427
98f10245-4035-4d00-a080-25fdbf6e8a6c,5d1f5011-4461-4dcd-a243-005348a50880
835dc2ba-8c46-437c-b972-a51269f50c0a,7fbf3fb2-889f-440a-a9c0-217b3eff8328
4702b784-ec0f-4b05-b9ca-f7451b486b3d,68cdbd6e-f984-457b-a0ac-637ff9474b3d
8b751b57-4222-4f4c-93b0-a5823afd3323,92d26f03-b9c3-4157-8ddc-796eb666058d
033ecec0-b2b7-4c16-9da4-978903a13742,19e4452a-ec84-4299-adf8-10af2ea92580
f2a895b6-862b-45cc-99a7-8df2ce1fcafe,653ac1fc-0097-46b4-8094-dfdf903a3940
8a20f067-c003-42ee-9adb-bd81baeacd80,bcee9370-bafd-4328-ad90-9e11b66fc8f7
a56439e5-fc42-4abd-b46f-85300ed9354c,ff692e5d-1738-48a4-8b02-fbc7819791b7
bc33fc8c-28b1-4b3d-a558-15032c5fc0ee,e006f56a-dfd6-4c55-9d6b-3e34e764bf3f
a8b3a73c-8f37-41a7-8de3-cee48ba6e9fc,6a378501-4107-4513-afa8-83a890a16a55
c8074e94-6e65-475b-af33-3d46715a188a,0a571d2a-a740-48f3-88a0-c27a08b9f87a
74dd8cef-002e-4a69-b536-cda14e713aa1,d1412cd7-38f6-45cc-8918-321fa0791ce8
61311f41-fc41-4f2a-bb59-7e4b34381461,10275574-a0f9-44f7-aa37-a07921ce1373
77c1f118-c41e-44c3-873b-85e3925888cb,62b48cb0-3816-421c-b3af-b8dd0f422bde
4f5d32ea-bd2b-424e-b840-922209c73757,10e5b1ec-ebb1-4b75-83b5-7ce9dcfc6d3d
4f73b89b-e8c2-4f9c-b7d3-802d416a09ff,4f91adfc-6e62-4b20-93be-ea1cdcfa7a20
08328e2f-602d-43a9-a7e9-f993285580d0,16931d99-107b-4f23-b722-4c503bcd47bb
bb39bbf7-e520-427c-9ca2-7b7a36821be6,86f1dba8-843d-4f23-a9f3-1059a5a6eb58
8e7d703a-04f8-4789-bd12-2e42d03b0a92,1fdd4a87-7e67-4cbb-9c11-2119753b02d8
b725b65c-a124-4dd6-b347-18d927f7dca3,c81c21ac-4875-44f7-8263-ea406054da06
fd1ebc82-0f00-4d8f-8c1e-ed64536b68d2,51ad9710-2902-4a60-bd06-7022a9d3a666
3dfb60cc-c1f8-4d6c-b29b-5f99cfbfad74,ee1a9fc0-087c-4a95-bd47-61295cc2d08d
4378b821-386a-4ea0-9501-9902f25dcbfc,b5c1262f-e4ac-4d5d-b965-2704d73ef98e
ec21538d-683c-4df8-99b7-6443a30784a8,58a54728-0159-4bfa-9bce-eadddae505d5
5364aa19-2057-407b-8f43-df76b668c715,350b7990-b864-4717-a4fe-597278ab3909
a56439e5-fc42-4abd-b46f-85300ed9354c,f7658bf3-7536-4b44-8981-723466d2ee4a
312138da-0ff4-4ee3-bbcc-95938a25aebd,3533018d-73db-4eea-8999-a47ecc1323ca
dea2dfc5-3782-449b-b16e-14955b571fd1,3b9df26e-4c11-430f-8309-994ee9dc64a1
08328e2f-602d-43a9-a7e9-f993285580d0,ba98a173-cba1-4889-85ec-7dbd02824a8e
4c5aad86-729a-4a69-a6fc-08101135ef9a,27d46692-3a87-4af2-8dda-e952a04fd9eb
14e17a17-d6c6-4567-8157-86d5bebfdd79,1267fbb8-7c92-49c7-b32e-d967f40618f1
7e0d5406-3a70-46b5-85ac-e98b99b554fc,2e396ac3-47f9-44f5-8722-0809bd6dd76b
835dc2ba-8c46-437c-b972-a51269f50c0a,9df72f1d-dffb-4ce4-83a7-e067332b2be7
36a00a2a-26ad-45e0-a4ce-f480e494b796,6592cb5a-44db-4911-b7da-702506dd68f9
44527572-a791-435f-a194-172587a0e196,942a6942-a560-4c7d-af04-c6e7c2e89b3b
2eb61fb2-6961-4bcd-8790-7375a524b2f2,811c92e3-9cf6-42ad-8ebc-c281af207861
eebd0803-c5c9-4076-a451-942493de818c,eeb7222e-4679-442b-b049-55cd18a3c485
2a26bdf9-891e-4f82-8400-06cc9263c810,ab6ec1dd-84cd-42a1-a47d-444840fccdbe
87154dd8-7709-4a1f-9d3d-da3dfeb1dc46,2876e6fa-c35e-4048-a146-b09f9514d3e2
4ececf46-c314-4332-b924-2317f5fa33c3,5037bfd7-b5c5-466f-88e1-fabdfe0bf373
58d4bef3-4ff8-49bd-9187-b402d55bbe49,4db5f517-c4c3-49f5-92c3-ecfe708fd96d
f8ee7e59-4572-4762-9676-010d0ea91443,5450af38-b740-4dcc-8d19-722e8503ebe7
72466568-d001-4854-aff6-a9db6c677733,e5352357-e8b7-4fe0-824a-e020b7c27d16
b0354f90-b789-4b14-aeec-7951e7da2c3a,5fc77f3f-9e69-4000-bb1b-bf9b932d1f02
3567d9d5-2df0-49f5-8e2d-f6c34d71dae5,9a00bae0-8e5c-4c34-974a-8791d9ed5c6e
de3f3606-f059-4f17-9a3f-12355b5e50de,32b509c5-75f8-49a6-8a4d-9af63f618312
716cf120-7e4f-4dcd-b2ff-317f6f0351ad,9aad1f64-4957-4316-9005-e141fad41917
c9b8a110-e190-4a85-954e-5387bccd94dc,398f4f1f-4642-4426-a207-f2246a0b3fb3
f3fc4125-a6b4-4444-9eec-b985453fbcd7,c333ad6e-abf7-42f0-a105-8c321d48c950
eac5860a-e5ba-489f-b92d-ada4abc833e1,2ef3deab-4bbf-4e63-8f86-89d13869b6c6
2cf5f70f-1978-47fa-8251-15772b6067d0,c4cfff83-ea1e-495f-9525-fd3d61dc3527
f81e8eef-5cb9-43fa-baeb-2fc164edf745,8a3be0b9-ba00-4c9f-b48e-8a6fa9563df6
f59047df-097b-45d7-bda5-3146a8fb2cfa,5b270757-7bb2-4851-80b2-92feb754c8bb
436f3e68-642d-41db-acbb-227352d0bdff,cb6a464f-4d48-4147-8f86-6e7ea66cd52d
4b82ea8d-3f64-4531-b7b0-a83dadc77842,d23dba3e-25dd-442b-aef1-58f143a82b2f
f2f405b9-d270-4f70-9bee-375ed1b7a109,47d293f2-4554-43c2-a039-6cd8a32c69de
c5051a6e-d22c-4565-bdd7-7dbd1137fb1a,2d6b9df2-b497-4613-ad96-bb1b21e19bdb
77c1f118-c41e-44c3-873b-85e3925888cb,ebc0c8c7-f0b4-4c95-94b7-936c9c6d341d
d05771ec-803b-4180-990b-298a694f9bf2,336d62ad-4e2c-4d82-92a3-8093cd863a91
95729d76-1286-42a1-b62d-4d660c5aed1f,cd7e1378-9bee-425c-9c34-becb9cc4f439
f273a504-adf1-4b34-925f-ee322a2d9d8a,4da1b351-2886-45ef-8809-5fc13a962645
eab35e09-d9f2-472d-9042-2d3223d32d81,8a30825c-6bd2-4247-a396-4193758b1924
906bf4de-355c-43bf-8e3e-3f719e4d8f01,a807c6e8-b9e0-4247-82f2-e653f753ef18
468ff7df-2b9c-49fc-9592-a705b6fc1863,d4494cc9-ec45-428d-9301-aacaac454192
251666b8-8418-4bdb-9a83-b0bc11e3f81b,f400054e-4f10-41ce-9f2f-dcb7aa8d924d
cbbaf9c2-e130-4f68-93a3-d50b67387170,29d39d8d-6844-43a5-95bb-2326144da064
63e88458-91af-4808-bdf0-89195548827b,84154ac3-4a44-4bb4-ab16-4130abe12464
658f7d43-b278-4b2c-a1ea-b96096a0434f,c0ca2b48-50a6-4d16-915c-33b19aec960c
63e88458-91af-4808-bdf0-89195548827b,b330853c-f6d2-4882-b86d-c0706aee9dfe
a28c0644-6aaa-4813-b31e-9dedca0ad15d,42a89061-3f9b-4b5e-8a16-67ba188701f8
f0f90c94-cd5a-4302-bc36-2be710fdbc02,785a677e-5185-40d2-ad90-42d3763bbef4
4a630cea-a7bf-4da0-84b5-ceb7a4fdfa72,5c8179d5-ae86-47d0-990e-e5ebc4867b76
629a899a-6f55-441d-9ec2-a617b986e943,ad1d959a-9ef6-492e-bd09-98ab7ad04065
1944691b-b7a6-4a26-b415-f599814e41b1,d17bb984-6825-47cc-81b6-c4420f1c46ac
f5e3c033-61a2-4ca3-829b-70a9f357e3db,6ce94917-0552-4718-bd28-734036619305
2dc65305-fedf-4ca8-9634-82eddac4c296,36038a1b-0145-4a66-85dd-c6ae707faafa
cb29fdcd-b967-4920-9e44-e271649032d5,79a26f78-ac83-4444-8a35-8bfc2545752b
fed7b4e2-b43d-4e97-a4a8-8a1da5afdda5,97e0b356-b43c-47f0-bb96-72ccc484114d
c27fe741-9bf6-498f-822f-c63a668728a1,f55e78b5-e822-48a5-8b28-5f73c224e020
8f9e6d73-1746-4921-bf98-f4327c5062a3,5c5b09ad-2d31-4c35-943c-75b6c5fbf0e3
4c2ee761-8a8c-4f38-bf82-470503dbff6f,e1b8609f-74b4-48d0-b67a-27b98d7d9f34
13ef8458-929a-4db7-a834-971ab2c33971,4b1d2f1f-e6f1-4ef8-b358-3c53572bf80f
09b612af-aacb-4536-bdfb-feca70cc1f95,d4919dcd-a41e-4a4f-a94b-f6e3d990e426
322fa87b-725b-4391-8d03-2bfe46074cd7,7aa84092-423a-495b-b0b8-a84515830de7
898329fb-b9e3-4179-a76d-7c640e094a4e,0f1681bc-c66b-4b44-bd9d-b9b51758e7dc
1a35c8bb-d98c-4343-93c6-005cad556752,e9094b02-1d29-4b22-827d-4cb91ed1345c
e0b30ecb-ed83-4c5f-9861-44d29d426883,c3834db3-0b30-4f40-9d10-816920498f1a
59c667ae-2431-4603-8eea-dcf50e7fa87a,11c429e6-5d2d-463a-9134-61f303318543
d426854d-ffca-4403-99c3-cbaafc621d58,1ae5d4e9-591b-45bd-976f-d15ec54762c6
8240b523-073c-4985-b584-1c282ddae80c,42400a01-eebd-4c3c-af35-9e6b0dd56fbb
766b8038-5d25-4df0-b9bf-102b0d7fa369,430d7d91-f827-4844-8831-3343f409e3f5
5f727f13-ceed-4054-827f-850ee4941c32,c7bcb351-30c6-4558-8ec9-bab184962ab6
c32072aa-6db2-4459-aecd-531605cc7dd3,f2a92b35-bde4-4386-8d2b-0815b321c5d5
b46f55db-e60c-4f04-95df-55dfadc946c9,9aee8c21-2518-49df-b66c-3eb855272c90
365700a7-1f2e-4f68-b76d-364dbbe45377,5cb537e4-bfb6-4c21-af48-68d46bae4461
